Gene.Symbol,GenBank,UniProt,Name,Transcription.down,Transcription.up,translation.down,translation.up
AARS,NM_001605,P49588,SYAC_HUMAN,,,,TRUE
ABCC1,NM_004996,P33527,MRP1_HUMAN,,,,TRUE
ABCC2,NM_000392,Q92887,MRP2_HUMAN,,,,TRUE
ABCC4,NM_000389,O15439,MRP4_HUMAN,,,,TRUE
ABCC5,NM_005689,O15440,MRP5_HUMAN,,,TRUE,
ABHD11,NM_148912,Q8NFV4,ABHDB_HUMAN,,,TRUE,
ABHD12,NM_001042472,Q8N2K0,ABD12_HUMAN,,,,TRUE
ABHD5,NM_016006,Q8WTS1,ABHD5_HUMAN,,,TRUE,
ACAP2,NM_012287,Q15057,ACAP2_HUMAN,,,,TRUE
ACER3,NM_018367,Q9NUN7,ACER3_HUMAN,,,,TRUE
ACIN1,NM_014977,Q9UKV3,ACINU_HUMAN,,,,TRUE
ACO1,NM_001001734,P21399,ACOC_HUMAN,,,,TRUE
ACO2,NM_001098,Q99798,ACON_HUMAN,,,,TRUE
ACOX2,NM_003500,Q99424,ACOX2_HUMAN,,,TRUE,
ACSL3,NM_004458,O95573,ACSL3_HUMAN,,,,TRUE
ACSL5,NM_016234,Q9ULC5-3,ACSL5_HUMAN,,,,TRUE
ACTN1,NM_001102,P12814,ACTN1_HUMAN,,,,TRUE
ACTN4,NM_004924,O43707,ACTN4_HUMAN,,,,TRUE
ACTR3B,NM_020445,Q9P1U1,ARP3B_HUMAN,,,TRUE,
ACVR1,NM_001105,Q04771,ACVR1_HUMAN,,,,TRUE
ACYP2,NM_138448,P14621,ACYP2_HUMAN,,,TRUE,
ADAM10,NM_001110,O14672,ADA10_HUMAN,,,,TRUE
ADAM17,NM_003183,P78536,ADA17_HUMAN,,,,TRUE
ADAM19,NM_033274,Q9H013-2,ADA19_HUMAN,TRUE,,,
ADAM9,NR_027638,Q13443,ADAM9_HUMAN,,,,TRUE
ADM,NM_001124,P35318,ADML_HUMAN,,TRUE,,TRUE
AGPAT2,NM_001012727,O15120-2,PLCB_HUMAN,,,,TRUE
AGPAT9,NM_032718,Q53EU6,GPAT3_HUMAN,,,,TRUE
AGTRAP,NM_020350,Q6RW13,ATRAP_HUMAN,,,,TRUE
AHCTF1,NM_015446,Q8WYP5-3,ELYS_HUMAN,,,,TRUE
AIG1,NM_016108,Q9NVV5-2,AIG1_HUMAN,,,,TRUE
AK1,NM_000476,P00568,KAD1_HUMAN,,,TRUE,
AKAP8L,NM_014371,Q9ULX6,AKP8L_HUMAN,,,,TRUE
AKAP9,NM_005751,Q99996-2,AKAP9_HUMAN,,,,TRUE
AKR7A2,NM_003689,O43488,ARK72_HUMAN,,,TRUE,
AKR7A3,NM_012067,O95154,ARK73_HUMAN,,,TRUE,
AKT1S1,NM_032375,Q96B36-3,AKTS1_HUMAN,,,TRUE,
ALCAM,NM_001990,Q13740,CD166_HUMAN,,,,TRUE
ALDH18A1,NM_001017423,P54886-2,P5CS_HUMAN,,,,TRUE
ALDOA,NM_184041,P04075,ALDOA_HUMAN,,TRUE,,
ALDOC,NM_005165,P09972,ALDOC_HUMAN,,TRUE,,TRUE
ALG5,NM_001142364,Q9Y673-2,ALG5_HUMAN,,,,TRUE
ALG6,NM_013339,Q9Y672,ALG6_HUMAN,,,,TRUE
ALG8,NM_024080,Q9BVK2,ALG8_HUMAN,,,,TRUE
ALG9,NM_024740,Q9H6U8-3,ALG9_HUMAN,,,,TRUE
AMD1,NM_001033059,P17707,DCAM_HUMAN,TRUE,,,
AMFR,NM_001144,Q9UKV5,AMFR_HUMAN,,,,TRUE
AMOTL2,NM_016201,Q9Y2J4-2,AMOL2_HUMAN,,,,TRUE
ANAPC5,NM_001137559,Q9UJX4-3,APC5_HUMAN,,,TRUE,
ANGPTL4,NM_001039667,Q9BY76-2,ANGL4_HUMAN,,TRUE,,
ANKRD13C,NM_030816,Q8N6S4,AN13C_HUMAN,,,TRUE,
ANKRD16,NM_019046,Q6P6B7,ANR16_HUMAN,,,TRUE,
ANKRD17,NM_032217,O75179,ANR17_HUMAN,,,,TRUE
ANKRD37,NM_181726,Q7Z713,ANR37_HUMAN,,TRUE,,
ANKRD46,NM_001017420,Q86W74,ANR46_HUMAN,TRUE,,,
ANKRD49,NM_017704,Q8WVL7,ANR49_HUMAN,TRUE,,,
ANKRD50,NM_020447,Q9ULJ7,ANR50_HUMAN,TRUE,,,
ANKRD6,NM_014942,Q9Y2G4-3,ANKR6_HUMAN,,,TRUE,
ANLN,NM_018685,Q9NQW6,ANLN_HUMAN,,,,TRUE
ANO1,NM_001143888,Q5XXA6,ANO1_HUMAN,,,,TRUE
ANO6,NM_152641,Q4KMQ2,ANO6_HUMAN,,,,TRUE
ANTXR1,NM_018153,Q9H6X2-4,ANTR1_HUMAN,,,,TRUE
ANXA1,NM_000700,P04083,ANXA1_HUMAN,,TRUE,,
AP1G1,NM_001030007,O43747-2,AP1G1_HUMAN,,,,TRUE
AP1GBP1,NM_007247,Q9UMZ2,SYNRG_HUMAN,,,,TRUE
AP1S1,NM_001283,P61966,AP1S1_HUMAN,,,TRUE,
AP2S1,NM_004069,P53680,AP2S1_HUMAN,,,TRUE,
AP3B1,NM_053042,O00203,AP3B1_HUMAN,,,,TRUE
APBA3,NM_004886,O96018,APBA3_HUMAN,,,TRUE,
APIP,NM_015957,Q96GX9,MTNB_HUMAN,,,TRUE,
APLP2,NM_001543,Q06481,APLP2_HUMAN,,,,TRUE
APOA1BP,NM_144772,Q8NCW5,NNRE_HUMAN,,,TRUE,
APP,NM_000484,P05067,A4_HUMAN,,,,TRUE
AQR,NM_014691,O60306,AQR_HUMAN,,,,TRUE
ARD1A,NM_003491,P41227,NAA10_HUMAN,,,TRUE,
AREG,NM_001657,P15514,AREG_HUMAN,,,,TRUE
ARF5,NM_001662,P84085,ARF5_HUMAN,,,TRUE,
ARGLU1,NM_018011,Q9NWB6,ARGL1_HUMAN,,,TRUE,
ARHGAP29,NM_004815,Q52LW3,RHG29_HUMAN,TRUE,,,
ARID2,NM_152641,Q68CP9,ARID2_HUMAN,,TRUE,,
ARL6IP1,NM_015161,Q15041,AR6P1_HUMAN,,,,TRUE
ARL6IP4,NM_016638,Q66PJ3-3,AR6P4_HUMAN,,,TRUE,
ARL6IP5,NM_006407,O75915,PRAF3_HUMAN,,,,TRUE
ARMC8,NM_015396,Q8IUR7-2,ARMC8_HUMAN,TRUE,,,
ARMET,NM_006010,P55145,MANF_HUMAN,,,,TRUE
ARRDC1,NM_152285,Q8N5I2,ARRD1_HUMAN,,,TRUE,
ARSK,NM_198150,Q6UWY0,ARSK_HUMAN,,,,TRUE
ASCC3,NM_006828,Q8N3C0,ASCC3_HUMAN,,,,TRUE
ASF1B,NM_018154,Q9NVP2,ASF1B_HUMAN,,,TRUE,
ASNA1,NM_004317,O43681,ASNA_HUMAN,,,TRUE,
ASPH,NM_002442,Q12797,ASPH_HUMAN,,,,TRUE
ASPM,NM_001206846,Q8IZT6-2,ASPM_HUMAN,,,,TRUE
ATAD1,NM_032810,Q8NBU5,ATAD1_HUMAN,,,,TRUE
ATAD2,NM_014109,Q6PL18,ATAD2_HUMAN,,,,TRUE
ATF3,NM_001674,P18847,ATF3_HUMAN,,TRUE,,
ATF6,NM_007348,P18850,ATF6A_HUMAN,,,,TRUE
ATG9A,NM_024086,Q7Z3C6,ATG9A_HUMAN,,,,TRUE
ATP11B,NM_014616,Q9Y2G3,AT11B_HUMAN,,,,TRUE
ATP13A1,NM_020410,Q9HD20,AT131_HUMAN,,,,TRUE
ATP1A1,NM_000701,P05023,AT1A1_HUMAN,,,,TRUE
ATP1B1,NM_001677,P05026,AT1B1_HUMAN,,,,TRUE
ATP1B3,NM_001679,P54709,AT1B3_HUMAN,,,,TRUE
ATP2A2,NM_001681,P16615-2,AT2A2_HUMAN,,,,TRUE
ATP2B1,NM_001001323,P20020-2,AT2B1_HUMAN,,,,TRUE
ATP2B4,NM_001001396,P23634-2,AT2B4_HUMAN,,,,TRUE
ATP2C1,NM_014382,P98194,AT2C1_HUMAN,,,,TRUE
ATP5D,NM_005017,P30049,ATPD_HUMAN,,,TRUE,
ATP5G3,NM_001689,P48201,AT5G3_HUMAN,,,TRUE,
ATP6AP1,NM_001183,Q15904,VAS1_HUMAN,,,,TRUE
ATP6AP2,NM_005765,O75787,RENR_HUMAN,,,,TRUE
ATP6V0B,NM_004573,Q99437,VATO_HUMAN,,,,TRUE
ATP6V1C1,NM_001695,P21283,VATC1_HUMAN,,,TRUE,
ATP8B3,NM_138813,O60423,AT8B3_HUMAN,,,,TRUE
ATPAF1,NM_022745,Q5TC12,ATPF1_HUMAN,TRUE,,,
ATR,NM_001184,Q13535,ATR_HUMAN,,,,TRUE
ATRX,NM_000489,P46100,ATRX_HUMAN,,,,TRUE
AURKAIP1,NM_017900,Q9NWT8,AKIP_HUMAN,,,TRUE,
AXIN2,NM_004655,Q9Y2T1,AXIN2_HUMAN,TRUE,,,
AXL,NM_006254,P30530,UFO_HUMAN,,,,TRUE
B2M,NM_004048,P61769,B2MG_HUMAN,,,,TRUE
B3GNT2,NM_006577,Q9NY97,B3GN2_HUMAN,TRUE,,,
B4GALT1,NM_001497,P15291,B4GT1_HUMAN,,,,TRUE
B4GALT3,NM_003779,O60512,B4GT3_HUMAN,,,,TRUE
B4GALT5,NM_004776,O43286,B4GT5_HUMAN,TRUE,,,
B9D1,NM_015681,Q9UPM9,B9D1_HUMAN,,,TRUE,
BAT2D1,NM_015172,Q9Y520-4,PRC2C_HUMAN,,,,TRUE
BAX,NM_138761,Q07812,BAX_HUMAN,,,TRUE,
BAZ1A,NM_013448,Q9NRL2,BAZ1A_HUMAN,,,,TRUE
BBX,NM_020235,Q8WY36-2,BBX_HUMAN,,,,TRUE
BCAP29,NM_018844,Q9UHQ4,BAP29_HUMAN,,,,TRUE
BCAP31,NM_005746,P51572,BAP31_HUMAN,,,,TRUE
BCAS4,NM_198799,Q8TDM0-3,BCAS4_HUMAN,,,TRUE,
BCL2L11,NM_006538,O43521-2,B2L11_HUMAN,TRUE,,,
BCL2L12,NM_031440,Q9HB09,B2L12_HUMAN,,,TRUE,
BCL6,NM_001706,P41182,BCL6_HUMAN,,,,TRUE
BCLAF1,NM_014740,Q9NYF8,BCLF1_HUMAN,,,,TRUE
BDNF,NM_001709,P23560,BDNF_HUMAN,TRUE,,,
BHLHE40,NM_003670,O14503,BHE40_HUMAN,,TRUE,,TRUE
BIRC6,NM_016252,Q9NR09,BIRC6_HUMAN,,,,TRUE
BLOC1S3,NM_212550,Q6QNY0,BL1S3_HUMAN,TRUE,,,
BMP2K,NM_017593,Q9NSY1-2,BMP2K_HUMAN,,,TRUE,
BMPR1A,NM_004329,P36894,BMR1A_HUMAN,,,,TRUE
BMS1,NM_014753,Q14692,BMS1_HUMAN,,,,TRUE
BNIP3,NM_004052,Q12983,BNIP3_HUMAN,,TRUE,,
BNIP3L,NM_004331,O60238,BNI3L_HUMAN,,TRUE,,
BOLA1,NM_016074,Q9Y3E2,BOLA1_HUMAN,,,TRUE,
BRCA2,NM_000059,P51587,BRCA2_HUMAN,,,,TRUE
BRD4,NM_014299,O60885-2,BRD4_HUMAN,,,,TRUE
BRD7,NM_013264,Q9NPI1,BRD7_HUMAN,,,TRUE,
BRMS1L,NM_032352,Q5PSV4,BRM1L_HUMAN,,,TRUE,
BRP44,NM_015415,O95563,MPC2_HUMAN,,,TRUE,
BSG,NM_004605,P35613,BASI_HUMAN,,,,TRUE
BTAF1,NM_003972,O14981,BTAF1_HUMAN,,,,TRUE
BTF3L4,NM_152265,Q96K17,BT3L4_HUMAN,,,TRUE,
BTG2,NM_006763,P78543,BTG2_HUMAN,TRUE,,,
BUB1,NM_004336,O43683,BUB1_HUMAN,,,,TRUE
BUB1B,NM_001211,O60566,BUB1B_HUMAN,,,,TRUE
C10orf116,NM_006829,Q15847,ADIRF_HUMAN,,,TRUE,
C10orf137,NM_001202438,Q3B7T1,EDRF1_HUMAN,,,,TRUE
C10orf32,NM_001136200,Q96B45,CJ032_HUMAN,,,TRUE,
C10orf54,NM_022153,Q9H7M9,VISTA_HUMAN,,,,TRUE
C11orf48,NM_024099,Q9BQE6-2,LBHD1_HUMAN,,,TRUE,
C12orf43,NM_022895,Q96C57,CL043_HUMAN,,,TRUE,
C12orf52,NM_032848,Q96K30,RITA1_HUMAN,,,TRUE,
C12orf60,NM_175874,Q5U649,CL060_HUMAN,,,TRUE,
C12orf73,NM_001135570,Q69YU5,CL073_HUMAN,,,TRUE,
C12orf75,NM_001145199,Q8TAD7,OCC1_HUMAN,,,,TRUE
C13orf23,NM_025138,Q86XN7,PRSR1_HUMAN,,,TRUE,
C14orf100,NM_001098625,Q9P055-3,JKAMP_HUMAN,,,,TRUE
C14orf104,NM_018141,P82664,RT10_HUMAN,,,TRUE,
C14orf142,NM_032490,Q9BXV9,CN142_HUMAN,,,TRUE,
C14orf169,NM_024644,Q9H6W3,NO66_HUMAN,TRUE,,TRUE,
C15orf24,NM_020154,Q9NPA0,EMC7_HUMAN,,,,TRUE
C15orf29,NM_024713,Q9H079,KTBL1_HUMAN,,,TRUE,
C15orf40,NM_144597,Q8WUR7,CO040_HUMAN,,,TRUE,
C16orf42,NM_001001410,Q9UJK0,TSR3_HUMAN,,,TRUE,
C16orf46,NM_001296,O00590,ACKR2_HUMAN,,,TRUE,
C16orf55,NM_153025,Q96N06,SPT33_HUMAN,,,TRUE,
C16orf75,NM_152308,Q96E14,RMI2_HUMAN,,,TRUE,
C17orf39,NM_024052,Q8IVV7,GID4_HUMAN,TRUE,,,
C17orf65,AK055685,,,,,TRUE,
C17orf90,NM_001039842,Q5BKU9,OXLD1_HUMAN,,,TRUE,
C17orf97,NM_001013672,Q6ZQX7-4,LIAT1_HUMAN,,,TRUE,
C18orf19,NM_001098801,Q96ND0,F210A_HUMAN,,TRUE,,
C18orf25,NM_133459,Q6UXH8,CCBE1_HUMAN,,,,TRUE
C19orf10,NM_019107,Q969H8,MYDGF_HUMAN,,,,TRUE
C19orf2,NM_003796,O94763,RMP_HUMAN,,,TRUE,
C19orf42,NM_024104,Q9BQ49,SMIM7_HUMAN,,,,TRUE
C19orf63,NM_175063,Q5UCC4-2,EMC10_HUMAN,,,,TRUE
C19orf66,NM_018381,Q9NUL5,RYDEN_HUMAN,,,TRUE,
C19orf70,NM_205767,Q5XKP0,MIC13_HUMAN,,,TRUE,
C1GALT1,NM_020156,Q9NS00,C1GLT_HUMAN,,,,TRUE
C1GALT1C1,NM_014159,Q96EU7,C1GLC_HUMAN,,,,TRUE
C1orf107,NM_014388,Q68CQ4,DIEXF_HUMAN,,,,TRUE
C1orf122,NM_000088,P02452,CO1A1_HUMAN,,,TRUE,
C1orf131,NM_152379,Q8NDD1-2,CA131_HUMAN,,,TRUE,
C1orf163,NM_023077,Q96BR5,COA7_HUMAN,TRUE,,TRUE,
C1orf216,NM_152374,Q8TAB5,CA216_HUMAN,,,TRUE,
C1orf27,NM_017848,Q9NX05,F120C_HUMAN,,,,TRUE
C1orf55,NM_152608,Q6IQ49,SDE2_HUMAN,,,,TRUE
C1orf63,NM_020317,Q9BUV0,RSRP1_HUMAN,,,,TRUE
C1orf85,NM_007249,Q9Y4X4,KLF12_HUMAN,,,,TRUE
C1orf9,NM_014283,Q9UBS9,SUCO_HUMAN,,,,TRUE
C20orf199,NR_003604,,,,,,TRUE
C20orf3,NM_020531,Q9HDC9,APMAP_HUMAN,,,,TRUE
C20orf7,NM_024120,Q5TEU4,NDUF5_HUMAN,,,TRUE,
C21orf33,NM_004649,P30042,ES1_HUMAN,,,TRUE,
C2orf18,NM_017877,Q8N357,S35F6_HUMAN,,,,TRUE
C2orf29,NM_017546,Q9UKZ1,CNO11_HUMAN,,,TRUE,
C2orf49,NM_024093,Q9BVC5,ASHWN_HUMAN,,,TRUE,
C2orf64,NM_001008215,Q86WW8,COA5_HUMAN,,,TRUE,
C3orf34,NM_032898,Q96LK0,CEP19_HUMAN,,,TRUE,
C3orf38,NM_173824,Q5JPI3,CC038_HUMAN,TRUE,,,
C3orf58,NM_018941,Q8NDZ4,DIA1_HUMAN,,,,TRUE
C3orf59,NM_178496,Q8IYB1,M21D2_HUMAN,,,,TRUE
C4orf3,NM_001001701,Q8WVX3,CD003_HUMAN,,TRUE,,
C4orf46,NM_152679,Q504U0,CD046_HUMAN,,,TRUE,
C4orf47,NM_001114357,A7E2U8,CD047_HUMAN,,TRUE,,
C5orf15,NM_020199,Q8NC54,KCT2_HUMAN,,,,TRUE
C5orf26,NR_015370,,,,,,TRUE
C5orf33,NM_001085411,Q4G0N4,NAKD2_HUMAN,,,TRUE,
C5orf41,NM_153607,Q8IUR6,CRERF_HUMAN,,,,TRUE
C6orf115,NM_021243,Q9P1F3,ABRAL_HUMAN,,,TRUE,
C6orf120,NM_001029863,Q7Z4R8,CF120_HUMAN,TRUE,,,
C6orf203,NM_016487,Q9P0P8,CF203_HUMAN,,,TRUE,
C6orf48,NM_001040437,Q9UBA6,G8_HUMAN,,,,TRUE
C6orf72,NM_138785,Q9NU53,GINM1_HUMAN,,,,TRUE
C7orf28A,NM_198097,P86791,CCZ1_HUMAN,,,TRUE,
C7orf28B,NM_015622,P86790,CCZ1B_HUMAN,,,TRUE,
C7orf30,NM_138446,Q96EH3,MASU1_HUMAN,,,TRUE,
C7orf36,NM_020192,Q9NRH1,YAED1_HUMAN,,,TRUE,
C7orf42,NM_017994,Q9NWD8,TM248_HUMAN,,,,TRUE
C7orf44,NM_018224,Q9GZY4,COA1_HUMAN,,TRUE,,
C7orf47,NM_145030,Q8TAP8,PPR35_HUMAN,,,TRUE,
C7orf68,NM_001098786,Q9Y5L2,HLPDA_HUMAN,,TRUE,,
C9orf125,NM_032342,Q9BRR3,TM246_HUMAN,,,,TRUE
C9orf126,NM_001144877,Q8N9R8,SCAI_HUMAN,TRUE,,,
C9orf30,NM_080655,Q96H12,MSD3_HUMAN,,TRUE,,
C9orf40,NM_017998,Q8IXQ3,CI040_HUMAN,,,TRUE,
C9orf41,NM_152420,Q8N4J0,CARME_HUMAN,,,TRUE,
C9orf5,NM_032012,Q9H330-2,TM245_HUMAN,,,,TRUE
C9orf78,NM_016520,Q9NZ63,CI078_HUMAN,,,TRUE,
C9orf9,NM_018956,Q96E40-2,SACA9_HUMAN,,,TRUE,
CA2,NM_000067,P00918,CAH2_HUMAN,,,TRUE,
CABLES2,NM_031215,Q9BTV7,CABL2_HUMAN,,,TRUE,
CACHD1,NM_020925,Q5VU97,CAHD1_HUMAN,,,,TRUE
CALM1,NM_006888,P62158,CALM_HUMAN,,,TRUE,
CALR,NM_004343,P27797,CALR_HUMAN,,,,TRUE
CALU,NM_001219,O43852,CALU_HUMAN,,,,TRUE
CAND1,NM_018448,Q86VP6,CAND1_HUMAN,,,,TRUE
CANX,NM_005675,P27824,CALX_HUMAN,,,,TRUE
CARHSP1,NM_014316,Q9Y2V2,CHSP1_HUMAN,,,TRUE,
CARS,NM_001751,P49589,SYCC_HUMAN,,,,TRUE
CASC4,NM_138423,Q6P4E1-4,CASC4_HUMAN,,,,TRUE
CASC5,NM_144508,Q8NG31-2,CASC5_HUMAN,,,,TRUE
CASP6,NM_001226,P55212,CASP6_HUMAN,,,TRUE,
CASP7,NM_033338,P55210-3,CASP7_HUMAN,,,TRUE,
CCAR1,NM_018237,Q8IX12,CCAR1_HUMAN,,,,TRUE
CCDC137,NM_199287,Q6PK04,CC137_HUMAN,,,TRUE,
CCDC44,NM_016360,Q9BSH4,TACO1_HUMAN,,,TRUE,
CCDC47,NM_020198,Q96A33,CCD47_HUMAN,,,,TRUE
CCDC92,NM_025140,Q53HC0,CCD92_HUMAN,,,TRUE,
CCNE1,NM_001238,P24864,CCNE1_HUMAN,TRUE,,TRUE,
CCNL1,NM_020307,Q9UK58,CCNL1_HUMAN,,,,TRUE
CCNYL1,NM_004390,Q8N7R7,CCYL1_HUMAN,TRUE,,,
CCRN4L,NM_012118,Q9UK39,NOCT_HUMAN,,TRUE,,
CD109,NM_133493,Q6YHK3,CD109_HUMAN,,,,TRUE
CD151,NM_139029,P48509,CD151_HUMAN,,,,TRUE
CD164,NM_003820,Q04900,MUC24_HUMAN,,,,TRUE
CD320,NM_016580,Q9NPF0,CD320_HUMAN,,,,TRUE
CD44,NM_000610,P16070,CD44_HUMAN,,,,TRUE
CD46,NM_002389,P15529,MCP_HUMAN,,,,TRUE
CD47,NM_001777,Q08722,CD47_HUMAN,,,,TRUE
CD55,NM_000574,P08174,DAF_HUMAN,,,,TRUE
CD58,NM_001779,P19256,LFA3_HUMAN,,,,TRUE
CD59,NM_000611,P13987,CD59_HUMAN,,,,TRUE
CD63,NM_014652,P08962,CD63_HUMAN,,,,TRUE
CD81,NM_004356,P60033,CD81_HUMAN,,,,TRUE
CD9,NM_001769,P21926,CD9_HUMAN,,,,TRUE
CD97,NM_078481,P48960,CD97_HUMAN,,,,TRUE
CD99,NM_002414,P14209,CD99_HUMAN,,,,TRUE
CDC25A,NM_001789,P30304,MPIP1_HUMAN,TRUE,,,
CDC40,NM_015891,O60508,PRP17_HUMAN,,,,TRUE
CDC42EP2,NM_006779,O14613,BORG1_HUMAN,,,TRUE,
CDC5L,NM_001253,Q99459,CDC5L_HUMAN,,,,TRUE
CDCP1,NM_022842,Q9H5V8,CDCP1_HUMAN,,TRUE,,TRUE
CDH1,NM_004360,P12830,CADH1_HUMAN,,,,TRUE
CDH3,NM_001793,P22223,CADH3_HUMAN,,,,TRUE
CDK4,NM_000075,P11802,CDK4_HUMAN,,,TRUE,
CDK5,NM_005792,Q00535,CDK5_HUMAN,,,TRUE,
CDK5RAP2,NM_018249,Q96SN8,CK5P2_HUMAN,,,,TRUE
CDKN2AIPNL,NM_080656,Q96HQ2,C2AIL_HUMAN,,,TRUE,
CDRT4,NM_001204477,Q8N9R6,CDRT4_HUMAN,,,,TRUE
CDS1,NM_001263,Q92903,CDS1_HUMAN,,,,TRUE
CDS2,NM_003818,O95674,CDS2_HUMAN,,,,TRUE
CENPE,NM_001813,Q02224,CENPE_HUMAN,,,,TRUE
CENPF,NM_016343,P49454,CENPF_HUMAN,,,,TRUE
CENPJ,NM_018453,Q9HC77,CENPJ_HUMAN,,,,TRUE
CENPN,NM_018455,Q96H22-2,CENPN_HUMAN,,,TRUE,
CENPQ,NM_018132,Q7L2Z9,CENPQ_HUMAN,,,TRUE,
CEP170,NM_014812,Q5SW79,CE170_HUMAN,,,,TRUE
CEP192,NM_032142,Q8TEP8,CE192_HUMAN,,,,TRUE
CEP350,NM_014810,Q5VT06,CE350_HUMAN,,,,TRUE
CEP70,NM_024491,Q8NHQ1,CEP70_HUMAN,,,TRUE,
CEPT1,NM_001007794,Q9Y6K0,CEPT1_HUMAN,,,,TRUE
CFL2,NM_021914,Q9Y281,COF2_HUMAN,,,TRUE,
CHAC2,NM_001008708,Q8WUX2,CHAC2_HUMAN,,,TRUE,
CHCHD7,NM_024300,Q9BUK0-2,CHCH7_HUMAN,,,TRUE,
CHD2,NM_001042572,O14647-3,CHD2_HUMAN,,TRUE,,
CHD4,NM_001273,Q14839,CHD4_HUMAN,,,,TRUE
CHD9,NM_025134,Q3L8U1-2,CHD9_HUMAN,,,,TRUE
CHMP4B,NM_176812,Q9H444,CHM4B_HUMAN,,,TRUE,
CHORDC1,NM_152354,Q9UHD1,CHRD1_HUMAN,,TRUE,,
CHP,NM_007236,Q99653,CHP1_HUMAN,,,TRUE,
CHPT1,NM_020244,Q8WUD6,CHPT1_HUMAN,,,,TRUE
CHST7,NM_019886,Q9NS84,CHST7_HUMAN,,,,TRUE
CHUK,NM_001278,O15111,IKKA_HUMAN,,,TRUE,
CIT,NM_007045,O14578,CTRO_HUMAN,,,,TRUE
CKAP5,NM_014757,Q14008,CKAP5_HUMAN,,,,TRUE
CLCN3,NM_001829,P51790,CLCN3_HUMAN,,,,TRUE
CLDN12,NM_012129,P56749,CLD12_HUMAN,,,,TRUE
CLDN7,NM_001307,O95471,CLD7_HUMAN,,,,TRUE
CLDND1,NM_019895,Q9NY35,CLDN1_HUMAN,,,,TRUE
CLIC3,NM_004669,O95833,CLIC3_HUMAN,,,TRUE,
CLK1,NM_004071,P49759,CLK1_HUMAN,,,,TRUE
CLK4,NM_020666,Q9HAZ1,CLK4_HUMAN,,,,TRUE
CLN5,NM_006493,O75503,CLN5_HUMAN,,,,TRUE
CLN6,NM_017882,Q9NWW5,CLN6_HUMAN,,,,TRUE
CLN8,NM_018941,Q9UBY8,CLN8_HUMAN,TRUE,,,
CLPTM1,NM_182496,O96005,CLPT1_HUMAN,,,,TRUE
CLPTM1L,NM_030782,Q96KA5,CLP1L_HUMAN,,,,TRUE
CLSTN1,NM_014023,O94985,CSTN1_HUMAN,,,,TRUE
CLTC,NM_004859,Q00610,CLH1_HUMAN,,,,TRUE
CLU,NM_183058,P10909,CLUS_HUMAN,,,,TRUE
CNIH,NM_005776,O95406,CNIH1_HUMAN,,,,TRUE
CNIH4,NM_001177801,Q9P003,CNIH4_HUMAN,,,,TRUE
CNNM2,NM_017649,Q9H8M5,CNNM2_HUMAN,,,,TRUE
COG5,NM_181733,Q9UP83,COG5_HUMAN,,,,TRUE
COG8,NM_022341,Q96MW5,COG8_HUMAN,,,TRUE,
COL12A1,NM_004370,Q99715,COCA1_HUMAN,,,,TRUE
COL13A1,NM_080800,Q5TAT6-8,CODA1_HUMAN,,,,TRUE
COL4A3BP,NM_031361,Q9Y5P4-2,C43BP_HUMAN,TRUE,,,
COL4A5,NM_000495,P29400,CO4A5_HUMAN,TRUE,,,
COL6A1,NM_001848,P12109,CO6A1_HUMAN,,,,TRUE
COL6A2,NM_001849,P12110,CO6A2_HUMAN,,,,TRUE
COPA,NM_001098398,P53621-2,COPA_HUMAN,,,,TRUE
COPB1,NM_016451,P53618,COPB_HUMAN,,,,TRUE
COPB2,NM_001164267,P35606,COPB2_HUMAN,,,,TRUE
COX1,YP_003024028,P23219,PGH1_HUMAN,,,,TRUE
COX2,NM_022340,P35354,PGH2_HUMAN,,,,TRUE
COX4NB,NM_001142288,O43402-2,EMC8_HUMAN,,,TRUE,
CPD,NM_001199775,O75976-2,CBPD_HUMAN,,,,TRUE
CPE,NM_001873,P16870,CBPE_HUMAN,,,,TRUE
CPNE2,NM_152727,Q96FN4,CPNE2_HUMAN,,,TRUE,
CPS1,NM_001875,P31327,CPSM_HUMAN,,,,TRUE
CPT1A,NM_001031847,P50416-2,CPT1A_HUMAN,,,,TRUE
CRADD,NM_003805,P78560,CRADD_HUMAN,,,TRUE,
CREB3L2,NM_001253775,Q70SY1-3,CR3L2_HUMAN,,,,TRUE
CREG1,NM_003851,O75629,CREG1_HUMAN,,,,TRUE
CRIM1,NM_016441,Q9NZV1,CRIM1_HUMAN,,,,TRUE
CRTAP,NM_006371,O75718,CRTAP_HUMAN,,,,TRUE
CRYL1,NM_015974,Q9Y2S2,CRYL1_HUMAN,,,TRUE,
CSGALNACT2,NM_018590,Q8N6G5,CGAT2_HUMAN,,,,TRUE
CSNK1D,NM_001893,P48730,KC1D_HUMAN,TRUE,,,
CSRNP1,NM_033027,Q96S65,CSRN1_HUMAN,,,,TRUE
CSRP2BP,NM_020524,Q9H8E8,CSR2B_HUMAN,,,TRUE,
CST3,NM_000099,P01034,CYTC_HUMAN,,,,TRUE
CTGF,NM_001901,P29279,CTGF_HUMAN,,TRUE,,TRUE
CTNNA1,NM_001903,P35221,CTNA1_HUMAN,,,,TRUE
CTNND1,NM_001331,O60716-6,CTND1_HUMAN,,,,TRUE
CTSA,NM_017573,P10619,PPGB_HUMAN,,,,TRUE
CTSB,NM_001908,P07858,CATB_HUMAN,,,,TRUE
CTSC,NM_148170,P53634-2,CATC_HUMAN,,,,TRUE
CTSH,NM_004390,P09668,CATH_HUMAN,,,,TRUE
CTSL1,NM_145918,P07711,CATL1_HUMAN,,,,TRUE
CTSL2,NM_001201575,O60911,CATL2_HUMAN,,,,TRUE
CUL3,NM_032490,Q13618,CUL3_HUMAN,TRUE,,,
CWC22,NM_020943,Q9HCG8,CWC22_HUMAN,,,,TRUE
CWF19L2,NM_152434,Q2TBE0,C19L2_HUMAN,,TRUE,,TRUE
CXADR,NM_001338,P78310,CXAR_HUMAN,,,,TRUE
CXADRP1,NG_008739,,,,,,TRUE
CXCL16,NM_024649,Q9H2A7,CXL16_HUMAN,,,,TRUE
CXCR4,NM_003468,P61073,CXCR4_HUMAN,,TRUE,,TRUE
CXorf57,NM_018017,Q7Z3E2,CC186_HUMAN,,,,TRUE
CYB5A,NM_148923,P00167,CYB5_HUMAN,,,TRUE,
CYB5B,NM_030579,O43169,CYB5B_HUMAN,TRUE,,,
CYB5R1,NM_016243,Q9UHQ9,NB5R1_HUMAN,,,,TRUE
CYBRD1,NM_024843,Q53TN4,CYBR1_HUMAN,,,,TRUE
CYR61,NM_001554,O00622,CYR61_HUMAN,,TRUE,,TRUE
DAAM1,NM_014992,Q9Y4D1,DAAM1_HUMAN,,,,TRUE
DAG1,NM_144973,Q14118,DAG1_HUMAN,,,,TRUE
DBF4,NM_006716,Q9UBU7,DBF4A_HUMAN,,,TRUE,
DBI,NM_020548,P07108-2,ACBP_HUMAN,,,TRUE,
DCAKD,NM_024821,Q8WVC6,DCAKD_HUMAN,,,TRUE,
DCBLD2,NM_080927,Q96PD2,DCBD2_HUMAN,,,,TRUE
DCK,NM_000788,P27707,DCK_HUMAN,,,TRUE,
DCLRE1B,NM_022836,Q9H816,DCR1B_HUMAN,,,TRUE,
DCUN1D4,NM_001040402,Q92564,DCNL4_HUMAN,,,TRUE,
DDHD2,NM_015214,O94830,DDHD2_HUMAN,,,TRUE,
DDIT3,NM_005693,P35638,DDIT3_HUMAN,,TRUE,,TRUE
DDIT4,NM_019058,Q9NX09,DDIT4_HUMAN,,TRUE,,
DDIT4L,NM_145244,Q96D03,DDT4L_HUMAN,TRUE,,,
DDOST,NM_005216,P39656,OST48_HUMAN,,,,TRUE
DDR1,NM_001954,Q08345-2,DDR1_HUMAN,,,,TRUE
DDX10,NM_004398,Q13206,DDX10_HUMAN,,,,TRUE
DDX20,NM_007204,Q9UHI6,DDX20_HUMAN,,,,TRUE
DDX21,NM_001171135,Q9NR30,DDX21_HUMAN,,,,TRUE
DDX24,NM_020414,Q9GZR7,DDX24_HUMAN,,,,TRUE
DEDD2,NM_001077624,Q8WXF8,DEDD2_HUMAN,,TRUE,,
DEGS1,NM_003676,O15121,DEGS1_HUMAN,TRUE,,,
DENND2D,NM_024902,Q9H6A0,DEN2D_HUMAN,,,TRUE,
DEPDC1B,NM_002738,Q8WUY9,DEP1B_HUMAN,,,TRUE,
DERA,NM_015954,Q9Y315,DEOC_HUMAN,,,TRUE,
DERL1,NM_024296,Q9BUN8,DERL1_HUMAN,,,,TRUE
DERL2,NM_016041,Q9GZP9,DERL2_HUMAN,,,,TRUE
DGAT1,NM_012079,O75907,DGAT1_HUMAN,,,,TRUE
DGKZ,NM_003646,Q13574-4,DGKZ_HUMAN,,,TRUE,
DHCR24,NM_014762,Q15392,DHC24_HUMAN,,,,TRUE
DHCR7,NM_014762,Q9UBM7,DHCR7_HUMAN,,,,TRUE
DHRS7,NM_016029,Q9Y394,DHRS7_HUMAN,,,,TRUE
DHX9,NM_152889,Q08211,DHX9_HUMAN,,,,TRUE
DIAPH1,NM_001133,O60610,DIAP1_HUMAN,,,,TRUE
DIAPH2,NM_006729,O60879,DIAP2_HUMAN,,,,TRUE
DIAPH3,NM_030932,Q9NSV4,DIAP3_HUMAN,,TRUE,,TRUE
DIDO1,NM_022105,Q9BTC0-3,DIDO1_HUMAN,TRUE,,,
DIMT1L,NM_014473,Q9UNQ2,DIM1_HUMAN,,,TRUE,
DIRC2,NM_032839,Q96SL1,DIRC2_HUMAN,,,,TRUE
DIS3,NM_001128226,Q9Y2L1-2,RRP44_HUMAN,,,,TRUE
DKK1,NM_012242,O94907,DKK1_HUMAN,,,,TRUE
DLEU2,AF075100,,,TRUE,,,
DLGAP5,NM_014751,Q15398,DLGP5_HUMAN,,,,TRUE
DNAJB1,NM_006145,P25685,DNJB1_HUMAN,,TRUE,,
DNAJB11,NM_016306,Q9UBS4,DJB11_HUMAN,,,,TRUE
DNAJB14,NM_024921,Q8TBM8,DJB14_HUMAN,,,,TRUE
DNAJB9,NM_012328,Q9UBS3,DNJB9_HUMAN,,,,TRUE
DNAJC1,NM_022365,Q96KC8,DNJC1_HUMAN,,,,TRUE
DNAJC10,NM_018981,Q8IXB1,DJC10_HUMAN,,,,TRUE
DNAJC12,NM_021800,Q9UKB3,DJC12_HUMAN,,,TRUE,
DNAJC15,NM_013238,Q9Y5T4,DJC15_HUMAN,,,TRUE,
DNAJC18,NM_152686,Q9H819,DJC18_HUMAN,,,,TRUE
DNAJC3,NM_006260,Q13217,DNJC3_HUMAN,,,,TRUE
DNAJC8,NM_014280,O75937,DNJC8_HUMAN,,,TRUE,
DNMBP,NM_015221,Q6XZF7,DNMBP_HUMAN,,,,TRUE
DNMT1,NM_004412,P26358,DNMT1_HUMAN,,,,TRUE
DOCK7,NM_001037335,Q96N67,DOCK7_HUMAN,,,,TRUE
DOLK,NM_014908,Q9UPQ8,DOLK_HUMAN,TRUE,,,
DONSON,NM_017613,Q9NYP3,DONS_HUMAN,,,TRUE,
DPY19L1,NM_015283,Q2PZI1,D19L1_HUMAN,,,,TRUE
DSC2,NM_001941,Q02487,DSC2_HUMAN,,,,TRUE
DSG2,NM_001943,Q14126,DSG2_HUMAN,,,,TRUE
DSN1,NM_024918,Q9H410,DSN1_HUMAN,,,TRUE,
DSP,NM_004950,P15924,DESP_HUMAN,,,,TRUE
DST,NM_015548,Q03001-8,DYST_HUMAN,,,,TRUE
DSTYK,NM_015375,Q6XUX3,DUSTY_HUMAN,TRUE,,,
DTYMK,NM_012145,P23919,KTHY_HUMAN,,,TRUE,
DUSP1,NM_004417,P28562,DUS1_HUMAN,,TRUE,,
DUSP23,NM_017823,Q9BVJ7,DUS23_HUMAN,,,TRUE,
DUSP5,NM_004419,Q16690,DUS5_HUMAN,,TRUE,,
DYNC1H1,NM_001376,Q14204,DYHC1_HUMAN,,,,TRUE
DYNC1I2,NM_006141,Q13409,DC1I2_HUMAN,,,,TRUE
DZIP3,NM_014648,Q86Y13,DZIP3_HUMAN,,,,TRUE
EBNA1BP2,NM_006825,Q99848,EBP2_HUMAN,,,TRUE,
EBPL,NM_032565,Q9BY08,EBPL_HUMAN,,,,TRUE
ECHDC3,NM_024693,Q96DC8,ECHD3_HUMAN,,,TRUE,
EDEM3,NM_025191,Q9BZQ6,EDEM3_HUMAN,TRUE,,,
EFNA4,NM_005227,P52798,EFNA4_HUMAN,,,,TRUE
EGFR,NM_005228,P00533,EGFR_HUMAN,,,,TRUE
EGLN1,NM_022051,Q9GZT9,EGLN1_HUMAN,,TRUE,,
EGLN3,NM_022073,Q9H6Z9,EGLN3_HUMAN,,TRUE,,
EGR1,NM_001964,P18146,EGR1_HUMAN,,TRUE,,
EGR2,NM_000399,P11161,EGR2_HUMAN,,TRUE,,
EIF1,NM_005801,P41567,EIF1_HUMAN,,,TRUE,
EIF1AX,NM_001412,P47813,IF1AX_HUMAN,,,TRUE,
EIF2AK3,NM_004836,Q9NZJ5,E2AK3_HUMAN,,,,TRUE
EIF3A,NM_003750,Q14152,EIF3A_HUMAN,,,,TRUE
EIF4B,NM_001417,P23588,IF4B_HUMAN,,,,TRUE
EIF4E,NM_001968,P06730,IF4E_HUMAN,,,TRUE,
EIF4EBP2,NM_004096,Q13542,4EBP2_HUMAN,TRUE,,,
EIF4EBP3,NM_003732,O60516,4EBP3_HUMAN,,,,TRUE
EIF5A2,NM_020390,Q9GZV4,IF5A2_HUMAN,,,TRUE,
EIF5B,NM_015904,O60841,IF2P_HUMAN,,,,TRUE
ELAC1,NM_018696,Q9H777,RNZ1_HUMAN,,,TRUE,
ELOVL5,NM_021814,Q9NYP7,ELOV5_HUMAN,,,,TRUE
ELOVL7,NM_001104558,A1L3X0,ELOV7_HUMAN,,,,TRUE
EMP1,NM_001423,P54849,EMP1_HUMAN,,,,TRUE
EMP2,NM_001424,P54851,EMP2_HUMAN,,,,TRUE
ENAH,NM_001008493,Q8N8S7,ENAH_HUMAN,,TRUE,,
ENDOD1,NM_015036,O94919,ENDD1_HUMAN,,,,TRUE
ENO1,NM_152687,P06733,ENOA_HUMAN,,TRUE,,
ENO2,NM_001975,P09104,ENOG_HUMAN,,TRUE,,
ENPP4,NM_014936,Q9Y6X5,ENPP4_HUMAN,,,,TRUE
ENPP5,NM_021572,Q9UJA9,ENPP5_HUMAN,TRUE,,,
ENY2,NM_020189,Q9NPA8,ENY2_HUMAN,,,TRUE,
EPB41L4A,NM_022140,Q9HCS5,E41LA_HUMAN,TRUE,,,
EPB41L4B,NM_018424,Q9H329-2,E41LB_HUMAN,,,TRUE,
EPCAM,NM_002354,P16422,EPCAM_HUMAN,,,,TRUE
EPHA2,NM_004431,P29317,EPHA2_HUMAN,,,,TRUE
EPRS,NM_004446,P07814,SYEP_HUMAN,,,,TRUE
EREG,NM_001432,O14944,EREG_HUMAN,,,,TRUE
ERGIC1,NM_001031711,Q969X5,ERGI1_HUMAN,,,,TRUE
ERGIC3,NM_015966,Q9Y282,ERGI3_HUMAN,,,,TRUE
ERLIN1,NM_006460,O75477,ERLN1_HUMAN,,,,TRUE
ERMP1,NM_024896,Q7Z2K6,ERMP1_HUMAN,,,,TRUE
ERO1L,NM_014584,Q96HE7,ERO1A_HUMAN,,TRUE,,TRUE
ERP29,NM_006818,P30040,ERP29_HUMAN,,,,TRUE
ERP44,NM_015051,Q9BS26,ERP44_HUMAN,,,,TRUE
ESF1,NM_000283,Q9H501,ESF1_HUMAN,,,,TRUE
ETAA1,NM_019002,Q9NY74,ETAA1_HUMAN,TRUE,,,
ETS1,NM_005238,P14921,ETS1_HUMAN,,TRUE,,TRUE
EXD2,NM_018199,Q9NVH0-2,EXD2_HUMAN,,,,TRUE
EXD3,NM_017820,Q8N9H8,MUT7_HUMAN,,,TRUE,
EXOC6B,NM_015189,Q9Y2D4,EXC6B_HUMAN,,,,TRUE
EXOSC4,NM_019037,Q9NPD3,EXOS4_HUMAN,,,TRUE,
EXT1,NM_000127,Q16394,EXT1_HUMAN,,,,TRUE
EXT2,NM_000401,Q93063-3,EXT2_HUMAN,,,,TRUE
EYA3,NM_001990,Q99504,EYA3_HUMAN,,,,TRUE
EZR,NM_003380,P15311,EZRI_HUMAN,,,,TRUE
F11R,NM_016946,Q9Y624,JAM1_HUMAN,,,,TRUE
F2R,NM_001992,P25116,PAR1_HUMAN,,,,TRUE
F2RL1,NM_005242,P55085,PAR2_HUMAN,,,,TRUE
F3,NM_000130,P13726,TF_HUMAN,,,,TRUE
F8A1,NM_012151,P23610,F8I2_HUMAN,,,TRUE,
FABP6,NM_001445,P51161,FABP6_HUMAN,,,TRUE,
FADD,NM_003824,Q13158,FADD_HUMAN,TRUE,,,
FADS1,NM_013402,O60427,FADS1_HUMAN,,,,TRUE
FAH,NM_000137,P16930,FAAA_HUMAN,,,TRUE,
FAIM,NM_018147,Q9NVQ4,FAIM1_HUMAN,,,TRUE,
FAM108C1,NM_021214,Q6PCB6,AB17C_HUMAN,,,TRUE,
FAM115A,NM_014719,Q9Y4C2,TCAF1_HUMAN,,,,TRUE
FAM117A,NM_030802,Q9C073,F117A_HUMAN,,,TRUE,
FAM119A,NM_001142300,Q8WXB1,MT21A_HUMAN,,,TRUE,
FAM129A,NM_052966,Q9BZQ8,NIBAN_HUMAN,,,,TRUE
FAM149A,NM_001024957,A5PLN7,F149A_HUMAN,,,TRUE,
FAM149B1,NM_173348,Q96BN6,F149B_HUMAN,,,TRUE,
FAM160A1,NM_001109977,Q05DH4,F16A1_HUMAN,,,,TRUE
FAM162A,NM_014367,Q96A26,F162A_HUMAN,,TRUE,,
FAM171B,NM_177454,Q6P995,F171B_HUMAN,,,,TRUE
FAM173A,NM_023934,Q9BQD7,F173A_HUMAN,,,TRUE,
FAM173B,NM_138809,Q6P4H8,F173B_HUMAN,,,TRUE,
FAM174A,NM_198507,Q8TBP5,F174A_HUMAN,,,,TRUE
FAM18B,NM_016078,Q9NYZ1,TV23B_HUMAN,,,,TRUE
FAM36A,NM_198076,Q5RI15,COX20_HUMAN,,TRUE,,TRUE
FAM46B,NM_052943,Q96A09,FA46B_HUMAN,,TRUE,,
FAM62A,NM_033071,Q9BSJ8,ESYT1_HUMAN,,,,TRUE
FAM62B,NM_020728,A0FGR8-2,ESYT2_HUMAN,,,,TRUE
FAM69A,NM_001006605,Q5T7M9,FA69A_HUMAN,,,,TRUE
FAM76A,NM_152660,Q8TAV0,FA76A_HUMAN,,,TRUE,
FAM76B,NM_144664,Q5HYJ3,FA76B_HUMAN,,,TRUE,
FAM86A,NM_201400,Q96G04,EF2KT_HUMAN,,,TRUE,
FANCD2,NM_021922,Q9BXW9,FACD2_HUMAN,,,,TRUE
FASTK,NM_033015,Q14296-2,FASTK_HUMAN,,,TRUE,
FAT1,NM_005245,Q14517,FAT1_HUMAN,,,,TRUE
FBXL15,NM_024326,Q9H469,FXL15_HUMAN,,,TRUE,
FBXL18,NM_024963,Q96ME1,FXL18_HUMAN,TRUE,,,
FBXO38,NM_001146070,Q6PIJ6,FBX38_HUMAN,,,,TRUE
FBXO9,NM_012347,Q9UK97,FBX9_HUMAN,,,TRUE,
FDX1,NM_004109,P10109,ADX_HUMAN,,,TRUE,
FECH,NM_000140,P22830,HEMH_HUMAN,,,TRUE,
FER,NM_005246,P16591,FER_HUMAN,,,,TRUE
FERMT2,NM_006832,Q96AC1,FERM2_HUMAN,,TRUE,,TRUE
FES,NM_002005,P07332,FES_HUMAN,,,TRUE,
FGFBP1,NM_005130,Q14512,FGFP1_HUMAN,TRUE,,,
FIBP,NM_004214,O43427-2,FIBP_HUMAN,,,TRUE,
FKBP15,NM_015258,Q5T1M5,FKB15_HUMAN,,TRUE,,
FKBPL,NM_022110,Q9UIM3,FKBPL_HUMAN,,,TRUE,
FLAD1,NM_025207,Q8NFF5,FAD1_HUMAN,,,TRUE,
FLJ36031,NM_175884,Q8N9Z2,CC71L_HUMAN,,,TRUE,
FLJ39632,XR_110291,,,,,TRUE,
FLJ43663,AI743239,,,,TRUE,,
FLJ90757,AK027350,,,TRUE,,,
FLNB,NM_015140,O75369,FLNB_HUMAN,,,,TRUE
FNDC3B,NM_001135095,Q53EP0,FND3B_HUMAN,,,,TRUE
FNTB,NM_002028,P49356,FNTB_HUMAN,,TRUE,,TRUE
FOS,NM_005252,P01100,FOS_HUMAN,,TRUE,,
FOSL1,NM_005438,P15407,FOSL1_HUMAN,,TRUE,,
FOSL2,NM_005253,P15408,FOSL2_HUMAN,,TRUE,,TRUE
FOXQ1,NM_033260,Q9C009,FOXQ1_HUMAN,TRUE,,,
FRYL,NM_015030,O94915,FRYL_HUMAN,,,,TRUE
FSD1,NM_024333,Q9BTV5,FSD1_HUMAN,,,TRUE,
FTL,NM_000146,P02792,FRIL_HUMAN,,,,TRUE
FUCA2,NM_032020,Q9BTY2,FUCO2_HUMAN,,,,TRUE
FUSIP1,NM_006625,O75494-3,SRS10_HUMAN,,,TRUE,
FUT11,NM_173540,Q495W5,FUT11_HUMAN,,TRUE,,
FUT4,NM_002033,P22083,FUT4_HUMAN,TRUE,,,
FXYD5,NM_014164,Q96DB9,FXYD5_HUMAN,,,,TRUE
FZD6,NM_003506,O60353,FZD6_HUMAN,,,,TRUE
G3BP1,NM_005754,Q13283,G3BP1_HUMAN,TRUE,,,
G6PC3,NM_004225,Q9BUM1,G6PC3_HUMAN,,,,TRUE
GAA,NM_000152,P10253,LYAG_HUMAN,,,,TRUE
GAD1,NM_000817,Q99259,DCE1_HUMAN,,TRUE,,
GADD45B,NM_015675,O75293,GA45B_HUMAN,,TRUE,,
GAL,NM_015973,P22466,GALA_HUMAN,,,,TRUE
GALNT1,NM_020474,Q10472,GALT1_HUMAN,,,,TRUE
GALNT3,NM_004482,Q14435,GALT3_HUMAN,,,,TRUE
GALNT7,NM_017423,Q86SF2,GALT7_HUMAN,,,,TRUE
GALT,NM_015456,P07902,GALT_HUMAN,,,TRUE,
GAMT,NM_000156,Q14353,GAMT_HUMAN,,,TRUE,
GANAB,NM_198335,Q14697-2,GANAB_HUMAN,,,,TRUE
GAPDH,NM_002046,P04406,G3P_HUMAN,,TRUE,,
GART,NM_000819,P22102,PUR2_HUMAN,,TRUE,,TRUE
GAS5,NR_002578,,,,,,TRUE
GATC,NM_176818,O43716,GATC_HUMAN,,,TRUE,
GBAP,NR_002188,,,,,,TRUE
GBE1,NM_000158,Q04446,GLGB_HUMAN,,TRUE,,
GBF1,NM_004193,Q92538,GBF1_HUMAN,,,,TRUE
GCA,NM_012198,P28676,GRAN_HUMAN,,,TRUE,
GCC2,NM_001190728,Q8IWJ2,GCC2_HUMAN,,,,TRUE
GCH1,NM_000161,P30793,GCH1_HUMAN,,,TRUE,
GCSH,NM_013937,P23434,GCSH_HUMAN,,,TRUE,
GDE1,NM_016641,Q9NZC3,GDE1_HUMAN,,,,TRUE
GDF15,NM_004864,Q99988,GDF15_HUMAN,,,,TRUE
GDPD1,NM_001165993,Q8N9F7-3,GDPD1_HUMAN,,,,TRUE
GEMIN6,NM_024775,Q8WXD5,GEMI6_HUMAN,,,TRUE,
GFM1,NM_024996,Q96RP9,EFGM_HUMAN,,,,TRUE
GFPT1,NM_001244710,Q06210,GFPT1_HUMAN,,,,TRUE
GGH,NM_003878,Q92820,GGH_HUMAN,,,,TRUE
GIGYF2,NM_015575,Q6Y7W6,PERQ2_HUMAN,,,,TRUE
GINS1,NM_021067,Q14691,PSF1_HUMAN,,,TRUE,
GINS2,NM_016095,Q9Y248,PSF2_HUMAN,,,TRUE,
GJA3,NM_021954,Q9Y6H8,CXA3_HUMAN,,,,TRUE
GJB2,NM_004004,P29033,CXB2_HUMAN,,,,TRUE
GJC1,NM_001080383,P36383,CXG1_HUMAN,TRUE,,,
GLCE,NM_015554,O94923,GLCE_HUMAN,,,,TRUE
GLG1,NM_001145667,Q92896,GSLG1_HUMAN,,,,TRUE
GLRX,NM_002064,P35754,GLRX1_HUMAN,,TRUE,,
GLT8D1,NM_018446,Q68CQ7,GL8D1_HUMAN,,,,TRUE
GNS,NM_002076,P15586,GNS_HUMAN,,,,TRUE
GOLGB1,NM_002079,Q14789,GOGB1_HUMAN,,,,TRUE
GOLM1,NM_016548,Q8NBJ4,GOLM1_HUMAN,,,,TRUE
GOLT1B,NM_016072,Q9Y3E0,GOT1B_HUMAN,,,,TRUE
GOSR2,NM_054022,O14653-2,GOSR2_HUMAN,,,TRUE,
GPI,NM_000175,P06744,G6PI_HUMAN,,,,TRUE
GPR125,NM_145290,Q8IWK6,AGRA3_HUMAN,,,,TRUE
GPR126,NM_001032394,Q86SQ4,GP126_HUMAN,,,,TRUE
GPR160,NM_014373,Q9UJ42,GP160_HUMAN,,,,TRUE
GPR172A,NM_024531,Q9HAB3,S52A2_HUMAN,,,,TRUE
GPR177,NM_030824,Q5T9L3,WLS_HUMAN,,,,TRUE
GPR56,NM_005682,Q9Y653,AGRG1_HUMAN,,,,TRUE
GPR89A,NM_016334,B7ZAQ6,GPHRA_HUMAN,,,,TRUE
GPRC5A,NM_003979,Q8NFJ5,RAI3_HUMAN,,,,TRUE
GPSN2,NM_004869,Q9NZ01,TECR_HUMAN,,,,TRUE
GRB14,NM_004490,Q14449,GRB14_HUMAN,,,TRUE,
GRK6,NM_002082,P43250-2,GRK6_HUMAN,,,TRUE,
GRN,NM_002087,P28799,GRN_HUMAN,,,,TRUE
GRTP1,NM_024719,Q5TC63,GRTP1_HUMAN,,,TRUE,
GSDMD,NM_024738,P57764,GSDMD_HUMAN,,,TRUE,
GTF3C3,NM_004775,Q9Y5Q9,TF3C3_HUMAN,,,,TRUE
GUSB,NM_000181,P08236,BGLR_HUMAN,,,,TRUE
GYS1,NM_002103,P13807,GYS1_HUMAN,,,,TRUE
H2AFX,NM_002105,P16104,H2AX_HUMAN,TRUE,,TRUE,
H2BFS,NG_006504,P57053,H2BFS_HUMAN,,,TRUE,
H3F3B,NM_005324,P84243,H33_HUMAN,,,TRUE,
HABP4,NM_014282,Q5JVS0,HABP4_HUMAN,,,TRUE,
HAGHL,NM_032304,Q6PII5-2,HAGHL_HUMAN,,,TRUE,
HBEGF,NM_001945,Q99075,HBEGF_HUMAN,,,,TRUE
HDHD1A,NM_012080,Q08623,HDHD1_HUMAN,,,TRUE,
HEATR1,NM_018072,Q9H583,HEAT1_HUMAN,,,,TRUE
HEATR5B,NM_019024,Q9P2D3,HTR5B_HUMAN,,,,TRUE
HEATR6,NM_022070,Q6AI08,HEAT6_HUMAN,,,,TRUE
HELZ,NM_014877,P42694,HELZ_HUMAN,,,,TRUE
HERPUD1,NM_014685,Q15011,HERP1_HUMAN,,,,TRUE
HES1,NM_005524,Q14469,HES1_HUMAN,,TRUE,,
HES4,NM_001142467,Q9HCC6,HES4_HUMAN,,,TRUE,
HEXA,NM_000520,P06865,HEXA_HUMAN,,,,TRUE
HEXB,NM_000521,P07686,HEXB_HUMAN,,,,TRUE
HEXIM1,NM_006460,O94992,HEXI1_HUMAN,TRUE,,,
HHEX,NM_002729,Q03014,HHEX_HUMAN,,,TRUE,
HIAT1,NM_033055,Q96MC6,MF14A_HUMAN,,,,TRUE
HIC2,NM_015094,Q96JB3,HIC2_HUMAN,TRUE,,,
HIF1AN,NM_017902,Q9NWT6,HIF1N_HUMAN,TRUE,,,
HIGD1A,NM_014056,Q9Y241,HIG1A_HUMAN,,,TRUE,
HINT2,NM_032593,Q9BX68,HINT2_HUMAN,,,TRUE,
HIST1H2AC,NM_003512,Q93077,H2A1C_HUMAN,TRUE,,,
HIST1H2BE,NM_003523,P62807,H2B1C_HUMAN,,,TRUE,
HIST1H2BF,NM_003522,P62807,H2B1C_HUMAN,,,TRUE,
HIST1H2BK,NM_080593,O60814,H2B1K_HUMAN,,,TRUE,
HIST2H2AA3,NM_003516,Q6FI13,H2A2A_HUMAN,,TRUE,,
HK1,NM_000188,P19367,HXK1_HUMAN,,,,TRUE
HK2,NM_000189,P52789,HXK2_HUMAN,,TRUE,,TRUE
HLA-A,NM_005514,P01892,1A02_HUMAN,,,,TRUE
HLA-B,NM_005514,P01889,1B07_HUMAN,,,,TRUE
HLA-C,NM_006120,P04222,1C03_HUMAN,,,,TRUE
HLA-E,NM_005516,P13747,HLAE_HUMAN,,,,TRUE
HLA-F,NM_018950,P30511,HLAF_HUMAN,,,,TRUE
HLA-G,NM_002127,P17693,HLAG_HUMAN,,,,TRUE
HLTF,NM_003071,Q14527,HLTF_HUMAN,,,,TRUE
HMGA2,NM_003483,P52926,HMGA2_HUMAN,TRUE,,TRUE,
HMGCR,NM_000859,P04035,HMDH_HUMAN,TRUE,,,TRUE
HMMR,NM_012484,O75330,HMMR_HUMAN,,,,TRUE
HNRNPA3,NM_194247,P51991,ROA3_HUMAN,,,,TRUE
HNRNPM,NM_001997,P52272,HNRPM_HUMAN,,,,TRUE
HOMER3,NM_004838,Q9NSC5,HOME3_HUMAN,,,TRUE,
HOXA1,NM_005522,P49639,HXA1_HUMAN,TRUE,,,
HOXA7,NM_006896,P31268,HXA7_HUMAN,,,,TRUE
HOXB8,NM_024016,P17481,HXB8_HUMAN,,,TRUE,
HPSE,NM_006666,Q9Y251,HPSE_HUMAN,,,,TRUE
HRSP12,NM_005836,P52758,UK114_HUMAN,,,TRUE,
HS2ST1,NM_014640,Q7LGA3,HS2ST_HUMAN,,,,TRUE
HS3ST1,NM_005114,O14792,HS3S1_HUMAN,,,,TRUE
HS6ST2,NM_194277,Q96MM7,H6ST2_HUMAN,,,,TRUE
HSCB,NM_172002,Q8IWL3,HSC20_HUMAN,,,TRUE,
HSD17B11,NM_016245,Q8NBQ5,DHB11_HUMAN,,,,TRUE
HSD17B12,NM_016142,Q53GQ0,DHB12_HUMAN,,,,TRUE
HSP90AA1,NM_001017963,P07900-2,HS90A_HUMAN,,,,TRUE
HSP90B1,NM_003299,P14625,ENPL_HUMAN,,,,TRUE
HSPA13,NM_006948,P48723,HSP13_HUMAN,,,,TRUE
HSPA1A,NM_005345,P0DMV8,HS71A_HUMAN,,,,TRUE
HSPA4,NM_002154,P34932,HSP74_HUMAN,,,,TRUE
HSPA4L,NM_014278,O95757,HS74L_HUMAN,,,,TRUE
HSPA5,NM_005347,P11021,GRP78_HUMAN,,,,TRUE
HSPA9,NM_004134,P38646,GRP75_HUMAN,,,,TRUE
HSPD1,NM_002156,P10809,CH60_HUMAN,,TRUE,,
HSPH1,NM_006644,Q92598,HS105_HUMAN,,,,TRUE
HUWE1,NM_031407,Q7Z6Z7,HUWE1_HUMAN,,,,TRUE
HYOU1,NM_001130991,Q9Y4L1,HYOU1_HUMAN,,,,TRUE
ICMT,NM_012405,O60725,ICMT_HUMAN,,,,TRUE
ID3,NM_002167,Q02535,ID3_HUMAN,TRUE,,,
IDS,NM_000202,P22304,IDS_HUMAN,,,,TRUE
IER5L,NM_203434,Q5T953,IER5L_HUMAN,TRUE,,,
IFI35,NM_005533,P80217-2,IN35_HUMAN,,,TRUE,
IFI6,NM_002038,P09912,IFI6_HUMAN,,,,TRUE
IFNAR2,NM_000874,P48551-2,INAR2_HUMAN,,,,TRUE
IFNGR1,NM_000416,P15260,INGR1_HUMAN,,,,TRUE
IFT52,NM_016004,Q9Y366,IFT52_HUMAN,,,TRUE,
IGF2,NM_000612,P01344,IGF2_HUMAN,,,,TRUE
IGFBP2,NM_000597,P18065,IBP2_HUMAN,,,,TRUE
IGFBP6,NM_002178,P24592,IBP6_HUMAN,,,,TRUE
IL10RB,NM_000628,Q08334,I10R2_HUMAN,,,,TRUE
IL13RA1,NM_001560,P78552,I13R1_HUMAN,,,,TRUE
IL6ST,NM_000880,P40189,IL6RB_HUMAN,,,,TRUE
ILKAP,NM_030768,Q9H0C8,ILKAP_HUMAN,,,TRUE,
IMPA2,NM_014214,O14732,IMPA2_HUMAN,,,TRUE,
IMPACT,NM_018439,Q9P2X3,IMPCT_HUMAN,,,TRUE,
IMPAD1,NM_017813,Q9NX62,IMPA3_HUMAN,,,,TRUE
INADL,NM_176877,Q8NI35,INADL_HUMAN,,,,TRUE
ING1,NM_198217,Q9UK53-4,ING1_HUMAN,,TRUE,,
INPP1,NM_001652,P49441,INPP_HUMAN,,,TRUE,
INSIG2,NM_016133,Q9Y5U4,INSI2_HUMAN,,TRUE,,TRUE
IPO7,NM_006391,O95373,IPO7_HUMAN,,,,TRUE
IPPK,NM_022755,Q9H8X2,IPPK_HUMAN,,,TRUE,
IQGAP1,NM_003870,P46940,IQGA1_HUMAN,,,,TRUE
IQGAP3,NM_178229,Q86VI3,IQGA3_HUMAN,,,,TRUE
IQWD1,NM_018442,Q58WW2-2,DCAF6_HUMAN,,,,TRUE
IRGQ,NM_001007561,Q8WZA9,IRGQ_HUMAN,TRUE,,,
IRS2,NM_003749,Q9Y4H2,IRS2_HUMAN,,,,TRUE
ISCA2,NM_152331,Q86U28,ISCA2_HUMAN,,,TRUE,
ISOC2,NM_024710,Q96AB3-2,ISOC2_HUMAN,,,TRUE,
ITFG1,NM_030790,Q8TB96,TIP_HUMAN,,,,TRUE
ITGA2,NM_000419,P17301,ITA2_HUMAN,,,,TRUE
ITGA3,NM_002204,P26006,ITA3_HUMAN,,,,TRUE
ITGA6,NM_000210,P23229-2,ITA6_HUMAN,,,,TRUE
ITGAV,NM_000887,P06756,ITAV_HUMAN,,,,TRUE
ITGB1,NM_002211,P05556,ITB1_HUMAN,,,,TRUE
ITGB4,NM_000213,P16144,ITB4_HUMAN,,,,TRUE
ITGB5,NM_002213,P18084,ITB5_HUMAN,,,,TRUE
ITM2B,NM_021999,Q9Y287,ITM2B_HUMAN,,,,TRUE
ITPR3,NM_002224,Q14573,ITPR3_HUMAN,,,,TRUE
ITPRIPL2,NM_001145545,Q3MIP1,IPIL2_HUMAN,TRUE,,,
JAG1,NM_000214,P78504,JAG1_HUMAN,,,,TRUE
JMJD1C,NM_004241,Q15652,JHD2C_HUMAN,,,,TRUE
JMJD6,NM_015168,Q6NYC1,JMJD6_HUMAN,,TRUE,,
JUN,NM_002228,P05412,JUN_HUMAN,,TRUE,,TRUE
JUP,NM_002230,P14923,PLAK_HUMAN,,,,TRUE
KBTBD7,NM_032138,Q8WVZ9,KBTB7_HUMAN,TRUE,,,
KCNK1,NM_002245,O00180,KCNK1_HUMAN,,,,TRUE
KCNN4,NM_002250,O15554,KCNN4_HUMAN,,,,TRUE
KCNQ2,NM_004518,O43526-3,KCNQ2_HUMAN,,,,TRUE
KCTD20,NM_173562,Q7Z5Y7,KCD20_HUMAN,TRUE,,,
KDELR1,NM_006801,P24390,ERD21_HUMAN,,,,TRUE
KDELR2,NM_006855,P33947,ERD22_HUMAN,,,,TRUE
KDELR3,NM_006855,O43731,ERD23_HUMAN,,,,TRUE
KDM3A,NM_018434,Q9Y4C1,KDM3A_HUMAN,,TRUE,,TRUE
KDM5B,NM_006618,Q9UGL1,KDM5B_HUMAN,,,,TRUE
KDSR,NM_002035,Q06136,KDSR_HUMAN,,,,TRUE
KIAA0090,NM_001162499,Q8N766,EMC1_HUMAN,,,,TRUE
KIAA0232,NM_001100590,Q92628,K0232_HUMAN,TRUE,,,
KIAA0564,NM_002015,A3KMH1,VWA8_HUMAN,,,,TRUE
KIAA0746,NM_015187,Q68CR1,SE1L3_HUMAN,,,,TRUE
KIAA0776,NM_015323,O94874,UFL1_HUMAN,,,,TRUE
KIAA0922,NM_001131007,A2VDJ0-5,T131L_HUMAN,,,,TRUE
KIAA1033,NM_015275,Q2M389,WASH7_HUMAN,,,,TRUE
KIAA1429,NM_015496,Q69YN4,VIR_HUMAN,,,,TRUE
KIAA1467,NM_020853,A2RU67,F234B_HUMAN,,,,TRUE
KIAA1715,NM_030650,Q9C0E8,LNP_HUMAN,,,,TRUE
KIAA1731,NM_033395,Q9C0D2,CE295_HUMAN,,,,TRUE
KIAA1804,NM_032435,Q5TCX8,M3KL4_HUMAN,,,TRUE,
KIAA2013,NM_138346,Q8IYS2,K2013_HUMAN,,TRUE,,TRUE
KIDINS220,NM_020738,Q9ULH0,KDIS_HUMAN,,,,TRUE
KIF11,NM_004523,P52732,KIF11_HUMAN,,,,TRUE
KIF15,NM_020242,Q9NS87,KIF15_HUMAN,,,,TRUE
KIF20A,NM_005733,O95235,KI20A_HUMAN,,,,TRUE
KIF20B,NM_016195,Q96Q89-3,KI20B_HUMAN,,,,TRUE
KIF2C,NM_006845,Q99661,KIF2C_HUMAN,,,,TRUE
KIF4A,NM_012310,O95239,KIF4A_HUMAN,,,,TRUE
KIFAP3,NM_014970,Q92845,KIFA3_HUMAN,,,,TRUE
KISS1R,NM_032551,Q969F8,KISSR_HUMAN,,,,TRUE
KLF11,NM_003597,O14901,KLF11_HUMAN,TRUE,,,
KLF3,NM_016531,P57682,KLF3_HUMAN,TRUE,,,
KLHDC2,NM_014315,Q9Y2U9,KLDC2_HUMAN,,,TRUE,
KLHDC8B,NM_173546,Q8IXV7,KLD8B_HUMAN,,,TRUE,
KLHL2,NM_007246,O95198,KLHL2_HUMAN,,,TRUE,
KLHL24,NM_017644,Q6TFL4,KLH24_HUMAN,,,,TRUE
KLHL5,NM_015990,Q96PQ7,KLHL5_HUMAN,,,TRUE,
KLK6,NM_002774,Q92876,KLK6_HUMAN,,,,TRUE
KNTC1,NM_014708,P50748,KNTC1_HUMAN,,,,TRUE
KRCC1,NM_016618,Q9NPI7,KRCC1_HUMAN,,,TRUE,
KRT23,NM_015515,Q9C075,K1C23_HUMAN,,,TRUE,
KRTAP2-4,NM_033184,Q9BYR9,KRA24_HUMAN,,,,TRUE
KTN1,NM_004986,Q86UP2-2,KTN1_HUMAN,,,,TRUE
LAMA2,NM_000426,P24043,LAMA2_HUMAN,,,TRUE,
LAMB1,NM_002291,P07942,LAMB1_HUMAN,,,,TRUE
LAMB3,NM_000228,Q13751,LAMB3_HUMAN,,,,TRUE
LAMC1,NM_002293,P11047,LAMC1_HUMAN,,,,TRUE
LAMP1,NM_005561,P11279,LAMP1_HUMAN,,,,TRUE
LAMP2,NM_013995,P13473-2,LAMP2_HUMAN,,,,TRUE
LAPTM4A,NM_014713,Q15012,LAP4A_HUMAN,,,,TRUE
LAPTM4B,NM_018407,Q86VI4-3,LAP4B_HUMAN,,,,TRUE
LARP6,NM_018357,Q9BRS8,LARP6_HUMAN,,,TRUE,
LARS,NM_020117,Q9P2J5,SYLC_HUMAN,,,,TRUE
LASS2,NM_013386,Q96G23,CERS2_HUMAN,,,,TRUE
LASS5,NM_147190,Q8N5B7,CERS5_HUMAN,,,,TRUE
LASS6,NM_203463,Q6ZMG9,CERS6_HUMAN,,,,TRUE
LATS1,NM_173464,O95835,LATS1_HUMAN,,TRUE,,TRUE
LCLAT1,NM_001002257,Q6UWP7-3,LCLT1_HUMAN,,,,TRUE
LDLRAD3,NM_174902,Q86YD5,LRAD3_HUMAN,,,,TRUE
LEMD1,NM_001199050,Q68G75,LEMD1_HUMAN,,,TRUE,
LEPROTL1,NM_001128208,O95214-2,LERL1_HUMAN,,,,TRUE
LGALS3BP,NM_005567,Q08380,LG3BP_HUMAN,,,,TRUE
LGALS8,NM_006499,O00214-2,LEG8_HUMAN,,TRUE,,
LGMN,NM_001164692,Q99538,LGMN_HUMAN,,,,TRUE
LIG4,NM_206937,P49917,DNLI4_HUMAN,TRUE,,,
LIMA1,NM_016357,Q9UHB6,LIMA1_HUMAN,,,,TRUE
LIPA,NM_000235,P38571,LICH_HUMAN,,,,TRUE
LMAN1,NM_005570,P49257,LMAN1_HUMAN,,,,TRUE
LMAN2,NM_006816,Q12907,LMAN2_HUMAN,,,,TRUE
LMAN2L,NM_030805,Q9H0V9,LMA2L_HUMAN,,,,TRUE
LMBR1,NM_022458,Q8WVP7,LMBR1_HUMAN,,,,TRUE
LMBRD1,NM_018368,Q9NUN5,LMBD1_HUMAN,,,,TRUE
LMLN,NM_033029,Q96KR4,LMLN_HUMAN,,,,TRUE
LOC100129513,NT_113965,,,,,,TRUE
LOC100130930,AK126579,,,,,TRUE,
LOC100131262,XR_171880,,,,,,TRUE
LOC100133315,NR_029192,,,,,,TRUE
LOC100133409,NM_020445,Q9P1U1,ARP3B_HUMAN,,,TRUE,
LOC100133775,NM_015622,P86790,CCZ1B_HUMAN,,,TRUE,
LOC100133842,NM_005567,Q08380,LG3BP_HUMAN,,,,TRUE
LOC100134295,NM_016354,Q96BD0,SO4A1_HUMAN,,,,TRUE
LOC284926,AK091355,,,,,TRUE,
LOC285735,BC039371,,,,,TRUE,
LOC389765,AK124523,,,,TRUE,,
LOC400657,AK001853,,,,,TRUE,
LOC643827,NG_027506,,,TRUE,,,
LOC729680,AK090664,,,,,TRUE,
LOC90826,NM_138364,Q6P2P2,ANM9_HUMAN,,,,TRUE
LOC93622,AK026375,,,TRUE,,TRUE,
LONRF1,NM_152271,Q17RB8,LONF1_HUMAN,,,TRUE,
LOXL2,NM_002318,Q9Y4K0,LOXL2_HUMAN,,,,TRUE
LRBA,NM_001199282,P50851-2,LRBA_HUMAN,,,,TRUE
LRIG2,NM_014813,O94898,LRIG2_HUMAN,,,,TRUE
LRP10,NM_014045,Q7Z4F1,LRP10_HUMAN,,,,TRUE
LRP2BP,NM_018409,Q9P2M1,LR2BP_HUMAN,,TRUE,,
LRPAP1,NM_002337,P30533,AMRP_HUMAN,,,,TRUE
LRPPRC,NM_133259,P42704,LPPRC_HUMAN,,,,TRUE
LRRC45,NM_144999,Q96CN5,LRC45_HUMAN,,,TRUE,
LRRC8C,NM_032270,Q8TDW0,LRC8C_HUMAN,,,,TRUE
LSR,NM_205834,Q86X29,LSR_HUMAN,,,,TRUE
LTBR,NM_145867,P36941,TNR3_HUMAN,,,,TRUE
LUZP1,NM_001142546,Q86V48,LUZP1_HUMAN,TRUE,,,
LYRM2,NM_001031628,Q9NU23,LYRM2_HUMAN,,,TRUE,
LYRM7,NM_181705,Q5U5X0,LYRM7_HUMAN,,,TRUE,
M6PR,NM_005898,P20645,MPRD_HUMAN,,,,TRUE
MAFF,NM_012323,Q9ULX9,MAFF_HUMAN,,TRUE,,
MAGT1,NM_032121,Q9H0U3,MAGT1_HUMAN,,,,TRUE
MALAT1,AF001542,Q9UHZ2,MALAT_HUMAN,,TRUE,,
MALAT1,NR_002819,Q9UHZ2,MALAT_HUMAN,,,,TRUE
MAN1A1,NM_005907,P33908,MA1A1_HUMAN,,,,TRUE
MAN1B1,NM_007231,Q9UKM7,MA1B1_HUMAN,,,,TRUE
MAN2A1,NM_002372,Q16706,MA2A1_HUMAN,,,,TRUE
MAN2A2,NM_006122,P49641,MA2A2_HUMAN,,,,TRUE
MAN2B1,NM_000528,O00754,MA2B1_HUMAN,,,,TRUE
MAN2B2,NM_015274,Q9Y2E5,MA2B2_HUMAN,,,,TRUE
MANBA,NM_005908,O00462,MANBA_HUMAN,,,,TRUE
MAP1B,NM_005909,P46821,MAP1B_HUMAN,,,,TRUE
MAP2K2,NM_030662,P36507,MP2K2_HUMAN,,,TRUE,
MAP4,NM_033063,P27816,MAP4_HUMAN,,,,TRUE
MAPKAPK5,NM_003668,Q8IW41-2,MAPK5_HUMAN,,,TRUE,
MAPKSP1,NM_021970,Q9UHA4,LTOR3_HUMAN,,,TRUE,
MARCH6,NM_001025107,O60337,MARH6_HUMAN,,,,TRUE
MAT2A,NM_005911,P31153,METK2_HUMAN,TRUE,,,
MAX,NM_145112,P61244-2,MAX_HUMAN,,,TRUE,
MBNL2,NM_144778,Q5VZF2-2,MBNL2_HUMAN,,,,TRUE
MBTPS1,NM_003791,Q14703,MBTP1_HUMAN,,,,TRUE
MBTPS2,NM_015884,O43462,MBTP2_HUMAN,,,,TRUE
MCAM,NM_006500,P43121,MUC18_HUMAN,,,TRUE,
MCEE,NM_032601,Q96PE7,MCEE_HUMAN,,,TRUE,
MCFD2,NM_139279,Q8NI22,MCFD2_HUMAN,,,,TRUE
MDC1,NM_014641,Q14676,MDC1_HUMAN,,,,TRUE
MED23,NM_001244,Q9ULK4,MED23_HUMAN,,,,TRUE
MED31,NM_016060,Q9Y3C7,MED31_HUMAN,,,TRUE,
MED4,NM_014166,Q9NPJ6,MED4_HUMAN,,,TRUE,
MED6,NM_005466,O75586,MED6_HUMAN,,TRUE,,
MESDC2,NM_015154,Q14696,MESD_HUMAN,,,,TRUE
MET,NM_000245,P08581,MET_HUMAN,,,,TRUE
METAP2,NM_006838,P50579,MAP2_HUMAN,,,TRUE,
MFF,NM_020195,Q9GZY8,MFF_HUMAN,,,TRUE,
MFHAS1,NM_004225,Q9Y4C4,MFHA1_HUMAN,,,TRUE,
MFSD1,NM_001167903,Q9H3U5-5,MFSD1_HUMAN,,,,TRUE
MFSD6,NM_017694,Q6ZSS7,MFSD6_HUMAN,,,,TRUE
MIA3,NM_198551,Q5JRA6,MIA3_HUMAN,,,,TRUE
MICA,NM_000247,Q29983,MICA_HUMAN,,,,TRUE
MIF4GD,NM_020679,A9UHW6-2,MI4GD_HUMAN,,,TRUE,
MKI67,NM_001145966,P46013-2,KI67_HUMAN,,,,TRUE
MKLN1,NM_004316,Q9UL63,MKLN1_HUMAN,,,,TRUE
MKRN1,NM_001145125,Q9UHC7-4,MKRN1_HUMAN,,TRUE,,
MLF1,NM_022443,P58340,MLF1_HUMAN,,,TRUE,
MLLT3,NM_004529,P42568,AF9_HUMAN,,,TRUE,
MMAB,NM_001135187,Q96EY8,MMAB_HUMAN,,,TRUE,
MMGT1,NM_173470,Q8N4V1,MMGT1_HUMAN,,,,TRUE
MND1,NM_032117,Q9BWT6,MND1_HUMAN,,TRUE,,
MOBKL1A,NM_173468,Q7L9L4,MOB1B_HUMAN,TRUE,,,
MORC3,NM_015358,Q14149,MORC3_HUMAN,,,,TRUE
MORF4L2,NM_012286,Q15014,MO4L2_HUMAN,,TRUE,,
MPHOSPH8,NM_017520,Q99549,MPP8_HUMAN,,,,TRUE
MPST,NM_021126,P25325-2,THTM_HUMAN,,,TRUE,
MPV17L2,NM_032683,Q567V2,M17L2_HUMAN,,,TRUE,
MPZL1,NM_024569,O95297-3,MPZL1_HUMAN,,,,TRUE
MRE11A,NM_005590,P49959-2,MRE11_HUMAN,,,,TRUE
MRFAP1L1,NM_203462,Q96HT8,MR1L1_HUMAN,TRUE,,,
MRP63,NM_024026,Q9BQC6,RT63_HUMAN,,,TRUE,
MRPL12,NM_002949,P52815,RM12_HUMAN,,,TRUE,
MRPL34,NM_023937,Q9BQ48,RM34_HUMAN,,,TRUE,
MRPL36,NM_032479,Q9P0J6,RM36_HUMAN,,,TRUE,
MRPL38,NM_032478,Q96DV4,RM38_HUMAN,,,TRUE,
MRPL41,NM_032477,Q8IXM3,RM41_HUMAN,,,TRUE,
MRPL43,NM_032112,Q8N983-4,RM43_HUMAN,,,TRUE,
MRPS12,NM_021107,O15235,RT12_HUMAN,,,TRUE,
MRPS16,NM_016065,Q9Y3D3,RT16_HUMAN,,,TRUE,
MRPS26,NM_030811,Q9BYN8,RT26_HUMAN,,,TRUE,
MRPS34,NM_023936,P82930,RT34_HUMAN,,,TRUE,
MRPS7,NM_015971,Q9Y2R9,RT07_HUMAN,,,TRUE,
MSN,NM_002444,P26038,MOES_HUMAN,,,,TRUE
MSRB2,NM_012228,Q9Y3D2,MSRB2_HUMAN,,,TRUE,
MSTO1,NM_018120,Q9BUK6,MSTO1_HUMAN,,,TRUE,
MSX1,NM_002448,P28360,MSX1_HUMAN,,,TRUE,
MTDH,NM_178812,Q86UE4,LYRIC_HUMAN,,,,TRUE
MTERFD3,NM_005436,Q49AM1,MTEF2_HUMAN,,,TRUE,
MTFMT,NM_139242,Q96DP5,FMT_HUMAN,,,TRUE,
MTMR14,NM_022485,Q8NCE2-3,MTMRE_HUMAN,,,TRUE,
MTR,NM_000254,Q99707,METH_HUMAN,,,,TRUE
MUT,NM_000255,P22033,MUTA_HUMAN,,,,TRUE
MXD1,NM_002357,Q05195,MAD1_HUMAN,,TRUE,,
MXD4,NM_006454,Q14582,MAD4_HUMAN,,,TRUE,
MYADM,NM_138374,Q96S97,MYADM_HUMAN,,,,TRUE
MYCBP,NM_012139,Q99417,MYCBP_HUMAN,,,TRUE,
MYCBP2,NM_015057,O75592,MYCB2_HUMAN,,,,TRUE
MYH10,NM_001040113,P35580,MYH10_HUMAN,,,,TRUE
MYH9,NM_002473,P35579,MYH9_HUMAN,,,,TRUE
MYO10,NM_012334,Q9HD67,MYO10_HUMAN,,,,TRUE
MYO1D,NM_015194,O94832,MYO1D_HUMAN,,,,TRUE
MYO1E,NM_004998,Q12965,MYO1E_HUMAN,,,,TRUE
MYO6,NM_004999,Q9UM54,MYO6_HUMAN,,,,TRUE
MYOF,NM_013451,Q9NZM1,MYOF_HUMAN,,,,TRUE
MYST2,NM_007067,O95251,KAT7_HUMAN,,,,TRUE
NACA,NM_199290,Q13765,NACA_HUMAN,,TRUE,,
NAGK,NM_017567,Q9UJ70-2,NAGK_HUMAN,,,TRUE,
NAMPT,NM_005746,P43490,NAMPT_HUMAN,,TRUE,,
NAPEPLD,NM_020725,Q6IQ20,NAPEP_HUMAN,TRUE,,,
NARG1,NM_057175,Q9BXJ9,NAA15_HUMAN,,,,TRUE
NAT10,NM_018214,Q9H0A0,NAT10_HUMAN,,,,TRUE
NAT11,NM_024771,Q86UY6,NAA40_HUMAN,,,TRUE,
NAV1,NM_001167738,Q8NEY1-5,NAV1_HUMAN,,,,TRUE
NAV3,NM_014903,Q8IVL0-2,NAV3_HUMAN,,,,TRUE
NBAS,NM_001014433,A2RRP1,NBAS_HUMAN,,,,TRUE
NBPF10,NM_001039703,Q6P3W6,NBPFA_HUMAN,TRUE,,,
NCAPG,NM_022346,Q9BPX3,CND3_HUMAN,,,,TRUE
NCSTN,NM_015331,Q92542,NICA_HUMAN,,,,TRUE
ND2,YP_003024027,P03891,NU2M_HUMAN,,,,TRUE
ND3,NM_021025,P03897,NU3M_HUMAN,,,,TRUE
ND6,YP_003024037,P03923,NU6M_HUMAN,,,,TRUE
NDRG1,NM_006096,Q92597,NDRG1_HUMAN,,TRUE,,
NDST1,NM_001543,P52848,NDST1_HUMAN,,,,TRUE
NDUFAF4,NM_014165,Q9P032,NDUF4_HUMAN,,,TRUE,
NDUFB1,NM_004545,O75438-2,NDUB1_HUMAN,,,TRUE,
NDUFB10,NM_004548,O96000,NDUBA_HUMAN,,,TRUE,
NDUFB2,NM_004546,O95178,NDUB2_HUMAN,,,TRUE,
NDUFB7,NM_004146,P17568,NDUB7_HUMAN,,,TRUE,
NDUFS8,NM_002496,O00217,NDUS8_HUMAN,,,TRUE,
NECAP2,NM_018090,Q9NVZ3,NECP2_HUMAN,,TRUE,,
NEK4,NM_001193533,P51957-3,NEK4_HUMAN,,,TRUE,
NEO1,NM_000434,Q92859,NEO1_HUMAN,,,,TRUE
NFAT5,NM_138713,O94916-5,NFAT5_HUMAN,,,,TRUE
NFATC2IP,NM_032815,Q8NCF5,NF2IP_HUMAN,TRUE,,,
NFE2L1,NM_003204,Q14494,NF2L1_HUMAN,,,,TRUE
NFIL3,NM_005384,Q16649,NFIL3_HUMAN,,TRUE,,
NFYA,NM_002505,P23511,NFYA_HUMAN,TRUE,,,TRUE
NGLY1,NM_018297,Q96IV0,NGLY1_HUMAN,,TRUE,,
NIPBL,NM_015384,Q6KC79-2,NIPBL_HUMAN,,,,TRUE
NKTR,NM_005385,P30414,NKTR_HUMAN,,,,TRUE
NME5,NM_003551,P56597,NDK5_HUMAN,,,TRUE,
NME7,NM_013330,Q9Y5B8,NDK7_HUMAN,,,,TRUE
NMRAL1,NM_020677,Q9HBL8,NMRL1_HUMAN,,,TRUE,
NMU,NM_006681,P48645,NMU_HUMAN,,,,TRUE
NOMO1,NM_014287,Q15155,NOMO1_HUMAN,,,,TRUE
NOTCH3,NM_000435,Q9UM47,NOTC3_HUMAN,TRUE,,,
NPC1,NM_000271,O15118,NPC1_HUMAN,,,,TRUE
NPC2,NM_006432,P61916,NPC2_HUMAN,,,,TRUE
NPNT,NM_152773,Q6UXI9,NPNT_HUMAN,,,,TRUE
NPTN,NM_012428,Q9Y639,NPTN_HUMAN,,,,TRUE
NQO2,NM_000904,P16083,NQO2_HUMAN,,,TRUE,
NR1D1,NM_003250,P20393,NR1D1_HUMAN,,,,TRUE
NR1H3,NM_005693,Q13133,NR1H3_HUMAN,,,,TRUE
NRBP2,NM_178564,Q9NSY0,NRBP2_HUMAN,,,TRUE,
NSF,NM_001204813,P46459,NSF_HUMAN,,,,TRUE
NSMCE4A,NM_017621,Q9NXX6,NSE4A_HUMAN,,,TRUE,
NT5DC2,NM_001134231,Q9H857-2,NT5D2_HUMAN,,,TRUE,
NT5E,NM_001204813,P21589-2,5NTD_HUMAN,,,,TRUE
NUCB1,NM_006184,Q02818,NUCB1_HUMAN,,,,TRUE
NUCB2,NM_005013,P80303,NUCB2_HUMAN,,,,TRUE
NUDT1,NM_002452,P36639-4,8ODP_HUMAN,,,TRUE,
NUDT22,NM_032344,Q9BRQ3,NUD22_HUMAN,,,TRUE,
NUDT6,NM_007083,P53370,NUDT6_HUMAN,,,TRUE,
NUDT7,NM_001105663,P0C024,NUDT7_HUMAN,,,TRUE,
NUFIP2,NM_020772,Q7Z417,NUFP2_HUMAN,TRUE,,,
NUP107,NM_020401,P57740,NU107_HUMAN,,,,TRUE
NUP133,NM_018230,Q8WUM0,NU133_HUMAN,,,,TRUE
NUP155,NM_153485,O75694,NU155_HUMAN,,,,TRUE
NUP160,NM_015231,Q12769,NU160_HUMAN,,,,TRUE
NUP205,NM_015135,Q92621,NU205_HUMAN,,,,TRUE
NUP210,NM_024923,Q8TEM1,PO210_HUMAN,,,,TRUE
NUP98,NM_005387,P52948-3,NUP98_HUMAN,,,,TRUE
NUPL1,NM_014779,Q9BVL2,NUP58_HUMAN,,TRUE,,
OAS3,NM_006187,Q9Y6K5,OAS3_HUMAN,,,,TRUE
OBFC1,NM_024928,Q9H668,STN1_HUMAN,,,TRUE,
OFD1,NM_003611,O75665,OFD1_HUMAN,,,,TRUE
OGFRL1,NM_024576,Q5TC84,OGRL1_HUMAN,TRUE,,,
OIP5,NM_007280,O43482,MS18B_HUMAN,,,TRUE,
ORC6L,NM_001197259,Q9Y5N6,ORC6_HUMAN,,,TRUE,
OS9,NM_006812,Q13438,OS9_HUMAN,,,,TRUE
OSMR,NM_138775,Q99650,OSMR_HUMAN,,TRUE,,TRUE
OSR2,NM_001142462,Q8N2R0,OSR2_HUMAN,,,TRUE,
P4HA1,NM_000917,P13674-2,P4HA1_HUMAN,,TRUE,,
P4HA1,NM_000918,P13674,P4HA1_HUMAN,,,,TRUE
P4HA2,NM_003940,O15460,P4HA2_HUMAN,,,,TRUE
P4HB,NM_000918,P07237,PDIA1_HUMAN,,,,TRUE
PACRGL,NM_145048,Q8N7B6-2,PACRL_HUMAN,,,TRUE,
PAFAH1B3,NM_002573,Q15102,PA1B3_HUMAN,,,TRUE,
PAIP1,NM_006451,Q9H074,PAIP1_HUMAN,,,TRUE,
PAM,NM_001177306,P19021,AMD_HUMAN,,,,TRUE
PANK1,NM_138316,Q8TE04-3,PANK1_HUMAN,,,TRUE,
PANK2,NM_024960,Q9BZ23-2,PANK2_HUMAN,,,TRUE,
PAPOLA,NM_032632,P51003,PAPOA_HUMAN,,,TRUE,
PAPOLG,NM_022894,Q9BWT3,PAPOG_HUMAN,TRUE,,,
PAQR5,NM_017706,Q9NXK6,MPRG_HUMAN,,,,TRUE
PARP4,NM_006437,Q9UKK3,PARP4_HUMAN,,,,TRUE
PCM1,NM_006197,Q15154,PCM1_HUMAN,,,,TRUE
PCOLCE2,NM_013363,Q9UKZ9,PCOC2_HUMAN,,,,TRUE
PCTP,NM_021214,Q9UKL6,PPCT_HUMAN,,,TRUE,
PCYOX1,NM_016297,Q9UHG3,PCYOX_HUMAN,,,,TRUE
PCYT2,NM_002861,Q99447,PCY2_HUMAN,,,TRUE,
PDCD11,NM_014976,Q14690,RRP5_HUMAN,,,,TRUE
PDCD6,NM_013232,O75340,PDCD6_HUMAN,,,TRUE,
PDCD6IP,NM_013374,Q8WUM4,PDC6I_HUMAN,,,,TRUE
PDE6D,NM_002601,O43924,PDE6D_HUMAN,,,TRUE,
PDE7A,NM_001242318,Q13946,PDE7A_HUMAN,,,TRUE,
PDGFRL,NM_006207,Q15198,PGFRL_HUMAN,,,,TRUE
PDIA3,NM_005313,P30101,PDIA3_HUMAN,,,,TRUE
PDIA4,NM_004911,P13667,PDIA4_HUMAN,,,,TRUE
PDIA5,NM_006811,Q14554,PDIA5_HUMAN,,,,TRUE
PDIA6,NM_005742,Q15084,PDIA6_HUMAN,,,,TRUE
PDK1,NM_002610,Q15118,PDK1_HUMAN,,TRUE,,
PDK3,NM_016071,Q15120,PDK3_HUMAN,,TRUE,,
PDLIM5,NM_006457,Q96HC4,PDLI5_HUMAN,,,,TRUE
PDS5A,NM_001100399,Q29RF7,PDS5A_HUMAN,,,TRUE,
PDS5B,NM_015032,Q9NTI5,PDS5B_HUMAN,,,,TRUE
PDSS1,NM_014317,Q5T2R2,DPS1_HUMAN,,,TRUE,
PDZD8,NM_173791,Q8NEN9,PDZD8_HUMAN,,,,TRUE
PER1,NM_002616,O15534,PER1_HUMAN,,,,TRUE
PER2,NM_022817,O15055,PER2_HUMAN,TRUE,,,
PERP,NM_022121,Q96FX8,PERP_HUMAN,,,,TRUE
PEX11B,NM_003846,O96011,PX11B_HUMAN,,,TRUE,
PEX7,NM_000288,O00628,PEX7_HUMAN,,,TRUE,
PFKFB4,NM_004567,Q16877,F264_HUMAN,,TRUE,,
PGK1,NM_000291,P00558,PGK1_HUMAN,,,,TRUE
PGP,NM_001042371,A6NDG6,PGP_HUMAN,,,TRUE,
PGRMC1,NM_006667,O00264,PGRC1_HUMAN,,,,TRUE
PHC3,NM_024947,Q8NDX5-7,PHC3_HUMAN,,TRUE,,
PHF20L1,NM_198513,A8MW92-2,P20L1_HUMAN,,,TRUE,
PHIP,NM_017934,Q8WWQ0,PHIP_HUMAN,,,,TRUE
PHKG2,NM_000294,P15735,PHKG2_HUMAN,,,TRUE,
PHLDB2,NM_145753,Q86SQ0-2,PHLB2_HUMAN,,TRUE,,
PHOSPHO2,NM_006187,Q8TCD6,PHOP2_HUMAN,,,TRUE,
PHTF2,NM_020432,Q8N3S3-3,PHTF2_HUMAN,,,,TRUE
PIAS2,NM_004671,O75928,PIAS2_HUMAN,,,TRUE,
PIGF,NM_002643,Q07326,PIGF_HUMAN,,,,TRUE
PIGG,NM_017734,Q5H8A4,PIGG_HUMAN,,,,TRUE
PIGK,NM_005482,Q92643,GPI8_HUMAN,,,,TRUE
PIGT,NM_015937,Q969N2,PIGT_HUMAN,,,,TRUE
PIGU,NM_080476,Q9H490,PIGU_HUMAN,,,,TRUE
PIK3C3,NM_002647,Q8NEB9,PK3C3_HUMAN,,,,TRUE
PIK3R1,NM_181523,P27986,P85A_HUMAN,TRUE,,,
PITX1,NM_002653,P78337,PITX1_HUMAN,,,TRUE,
PKN1,NM_002741,Q16512,PKN1_HUMAN,,,TRUE,
PLA2G4A,NM_024420,P47712,PA24A_HUMAN,,,,TRUE
PLAGL2,NM_002657,Q9UPG8,PLAL2_HUMAN,TRUE,,,
PLAU,NM_001145031,P00749-2,UROK_HUMAN,,,,TRUE
PLAUR,NM_002659,Q03405,UPAR_HUMAN,,TRUE,,TRUE
PLCG2,NM_002661,P16885,PLCG2_HUMAN,,,,TRUE
PLDN,NM_012388,Q9UL45,BL1S6_HUMAN,,,TRUE,
PLEKHA2,NM_021623,Q9HB19,PKHA2_HUMAN,,TRUE,,
PLEKHA8,NM_032639,Q96JA3-3,PKHA8_HUMAN,,,TRUE,
PLEKHB1,NM_021200,Q9UF11,PKHB1_HUMAN,,,TRUE,
PLK2,NM_001252226,Q9NYY3,PLK2_HUMAN,,,,TRUE
PLOD1,NM_000302,Q02809,PLOD1_HUMAN,,TRUE,,TRUE
PLOD2,NM_000533,O00469,PLOD2_HUMAN,,,,TRUE
PLOD2,NM_000935,O00469,PLOD2_HUMAN,,TRUE,,
PLOD3,NM_001084,O60568,PLOD3_HUMAN,,,,TRUE
PLP2,NM_002668,Q04941,PLP2_HUMAN,,,,TRUE
PLS3,NM_005032,P13797,PLST_HUMAN,,,,TRUE
PMP22,NM_000304,Q01453,PMP22_HUMAN,,,,TRUE
PNN,NM_002687,Q9H307,PININ_HUMAN,,,,TRUE
PNPLA4,NM_004650,P41247,PLPL4_HUMAN,,,TRUE,
POLA1,NM_016937,P09884,DPOLA_HUMAN,,,,TRUE
POLDIP2,NM_015584,Q9Y2S7,PDIP2_HUMAN,,,TRUE,
POLR3E,NM_001136123,Q9NVU0,RPC5_HUMAN,,,TRUE,
POMGNT1,NM_001243766,Q8WZA1,PMGT1_HUMAN,,,,TRUE
POMZP3,NM_012230,Q6PJE2,POZP3_HUMAN,,,TRUE,
PON2,NM_000305,Q15165,PON2_HUMAN,,,,TRUE
POP5,NM_015918,Q969H6,POP5_HUMAN,,,TRUE,
POR,NM_000941,P16435,NCPR_HUMAN,,,,TRUE
PPAP2A,NM_176895,O14494-2,PLPP1_HUMAN,,,,TRUE
PPAP2B,NM_003713,O14495,PLPP3_HUMAN,,,,TRUE
PPAP2C,NM_003712,O43688,PLPP2_HUMAN,,,,TRUE
PPFIBP1,NM_003622,Q86W92,LIPB1_HUMAN,,TRUE,,TRUE
PPIB,NM_000942,P23284,PPIB_HUMAN,,,,TRUE
PPIC,NM_000943,P45877,PPIC_HUMAN,,,,TRUE
PPIG,NM_004792,Q13427,PPIG_HUMAN,,,,TRUE
PPL,NM_002705,O60437,PEPL_HUMAN,,,,TRUE
PPP1CA,NM_206873,P62136-3,PP1A_HUMAN,,,TRUE,
PPP1R10,NM_018091,Q96QC0,PP1RA_HUMAN,TRUE,,,
PPP1R12A,NM_002480,O14974,MYPT1_HUMAN,,,,TRUE
PPP1R15A,NM_014330,O75807,PR15A_HUMAN,,TRUE,,TRUE
PPP1R16A,NM_032902,Q96I34,PP16A_HUMAN,,,TRUE,
PPP1R2,NM_006241,P41236,IPP2_HUMAN,,,TRUE,
PPT1,NM_000310,P50897,PPT1_HUMAN,,,,TRUE
PRCP,NM_005040,P42785,PCP_HUMAN,,,,TRUE
PRDM10,NM_020228,Q9NQV6-7,PRD10_HUMAN,,,,TRUE
PRDX4,NM_006406,Q13162,PRDX4_HUMAN,,,,TRUE
PRKAA1,NM_006251,Q13131,AAPK1_HUMAN,,,,TRUE
PRKAR2B,NM_002736,P31323,KAP3_HUMAN,,,TRUE,
PRKCSH,NM_018653,P14314,GLU2B_HUMAN,,,,TRUE
PRKDC,NM_018690,P78527,PRKDC_HUMAN,,,,TRUE
PRKRIP1,NM_024653,Q9H875,PKRI1_HUMAN,,TRUE,,
PRKX,NM_005044,P51817,PRKX_HUMAN,,,TRUE,
PRKY,NM_005044,O43930,PRKY_HUMAN,,,TRUE,
PRMT6,NM_018137,Q96LA8,ANM6_HUMAN,,,TRUE,
PRNP,NM_004158,P04156,PRIO_HUMAN,,,,TRUE
PROCR,NM_006404,Q9UNN8,EPCR_HUMAN,,,,TRUE
PROM1,NM_006018,O43490,PROM1_HUMAN,,,,TRUE
PROS1,NM_000313,P07225,PROS_HUMAN,,,,TRUE
PRPF40A,NM_017892,O75400-2,PR40A_HUMAN,,,,TRUE
PRPF4B,NM_003913,Q13523,PRP4B_HUMAN,TRUE,,,TRUE
PRPF8,NM_006445,Q6P2Q9,PRP8_HUMAN,,,,TRUE
PRPSAP1,NM_002766,Q14558-2,KPRA_HUMAN,,,TRUE,
PRRC1,NM_130809,Q96M27,PRRC1_HUMAN,,,,TRUE
PSAP,NM_002778,P07602,SAP_HUMAN,,,,TRUE
PSEN1,NM_000021,P49768,PSN1_HUMAN,,,,TRUE
PSMB9,NM_002800,P28065,PSB9_HUMAN,,,TRUE,
PSMD1,NM_002808,Q99460,PSMD1_HUMAN,,,,TRUE
PSMG1,NM_203433,O95456-2,PSMG1_HUMAN,TRUE,,,
PTDSS1,NM_014754,P48651,PTSS1_HUMAN,,,,TRUE
PTGER4,NM_000958,P35408,PE2R4_HUMAN,,TRUE,,TRUE
PTGES,NM_004878,O14684,PTGES_HUMAN,,,,TRUE
PTGFRN,NM_020440,Q9P2B2,FPRP_HUMAN,,,,TRUE
PTK2,NM_153831,Q05397,FAK1_HUMAN,,TRUE,,
PTMS,NM_002824,P20962,PTMS_HUMAN,,,TRUE,
PTPLAD1,NM_016395,Q9P035,HACD3_HUMAN,,,,TRUE
PTPLB,NM_198402,Q6Y1H2,HACD2_HUMAN,,,,TRUE
PTPRA,NM_002836,P18433-3,PTPRA_HUMAN,,,,TRUE
PTPRF,NM_002840,P10586,PTPRF_HUMAN,,,,TRUE
PTPRG,NM_002841,P23470,PTPRG_HUMAN,,,,TRUE
PTPRK,NM_001135648,Q15262-3,PTPRK_HUMAN,,,,TRUE
PTPRO,NM_002848,Q16827-2,PTPRO_HUMAN,,,,TRUE
PTPRS,NM_002850,Q13332,PTPRS_HUMAN,,,,TRUE
PTRH1,NM_001002913,Q86Y79,PTH_HUMAN,,,TRUE,
PTS,NM_000317,Q03393,PTPS_HUMAN,,,TRUE,
PTTG1IP,NM_004339,P53801,PTTG_HUMAN,,,,TRUE
PURA,NM_005859,Q00577,PURA_HUMAN,,,TRUE,
PURB,NM_033224,Q96QR8,PURB_HUMAN,TRUE,,,
PVRL3,NM_015480,Q9NQS3,NECT3_HUMAN,,,,TRUE
PWWP2B,NM_001098637,Q6NUJ5-2,PWP2B_HUMAN,,,TRUE,
PXDN,NM_012293,Q92626,PXDN_HUMAN,,,,TRUE
PYGB,NM_002862,P11216,PYGB_HUMAN,,,,TRUE
RAB11A,NM_003821,P62491,RB11A_HUMAN,,,TRUE,
RAB20,NM_017817,Q9NX57,RAB20_HUMAN,,TRUE,,
RAB23,NM_016277,Q9ULC3,RAB23_HUMAN,,,TRUE,
RAB26,NM_014353,Q9ULW5,RAB26_HUMAN,,,TRUE,
RAB28,NM_004249,P51157-2,RAB28_HUMAN,,,TRUE,
RAB3GAP1,NM_001172435,Q15042-3,RB3GP_HUMAN,,,,TRUE
RAB3GAP2,NM_012414,Q9H2M9,RBGPR_HUMAN,,,,TRUE
RAB5C,NM_201434,P51148,RAB5C_HUMAN,,,TRUE,
RABIF,NM_002871,P47224,MSS4_HUMAN,,,TRUE,
RABL2A,NM_007081,Q9UBK7,RBL2A_HUMAN,,,TRUE,
RABL2B,NM_007081,Q9UNT1,RBL2B_HUMAN,,,TRUE,
RABL4,NM_006860,Q9BW83-2,IFT27_HUMAN,,,TRUE,
RAD17,NM_002873,O75943-2,RAD17_HUMAN,,,TRUE,
RAD23B,NM_002874,P54727,RD23B_HUMAN,,TRUE,,
RAD50,NM_005732,Q92878,RAD50_HUMAN,,,,TRUE
RALA,NM_005402,P11233,RALA_HUMAN,,,TRUE,
RANBP2,NM_006267,P49792,RBP2_HUMAN,,,,TRUE
RANBP2,NM_182588,P49792,RBP2_HUMAN,,TRUE,,
RAPGEF6,NM_016340,Q8TEU7,RPGF6_HUMAN,,,,TRUE
RASGEF1A,NM_145313,Q8N9B8,RGF1A_HUMAN,,,TRUE,
RBM12B,NM_203390,Q8IXT5,RB12B_HUMAN,TRUE,,,
RBM14,NM_006328,Q96PK6,RBM14_HUMAN,TRUE,,,
RBM16,NM_014892,Q9UPN6,SCAF8_HUMAN,,,,TRUE
RBM17,NM_001145547,Q96I25,SPF45_HUMAN,,,TRUE,
RBM25,NM_021239,P49756,RBM25_HUMAN,,,,TRUE
RBM26,NM_022118,Q5T8P6-3,RBM26_HUMAN,,,,TRUE
RBM33,NM_053043,Q96EV2,RBM33_HUMAN,,TRUE,,
RBM8A,NM_005105,Q9Y5S9,RBM8A_HUMAN,,TRUE,,
RBMS1,NM_002897,P29558-2,RBMS1_HUMAN,TRUE,,,
RBP1,NM_002899,P09455,RET1_HUMAN,,,TRUE,
RBPJ,NM_005349,Q06330,SUH_HUMAN,,TRUE,,
RCCD1,NM_004710,A6NED2,RCCD1_HUMAN,,,TRUE,
RCN1,NM_002901,Q15293,RCN1_HUMAN,,,,TRUE
RCN2,NM_020061,Q14257,RCN2_HUMAN,,,,TRUE
RDH11,NM_002592,Q8TC12,RDH11_HUMAN,,,,TRUE
RDX,NM_002907,P35241,RADI_HUMAN,,,,TRUE
RECQL,NM_002907,P46063,RECQ1_HUMAN,,,,TRUE
REEP4,NM_025232,Q9H6H4,REEP4_HUMAN,,,,TRUE
REEP5,NM_005669,Q00765,REEP5_HUMAN,,,,TRUE
RELL1,NM_001085399,Q8IUW5,RELL1_HUMAN,,,,TRUE
RETSAT,NM_017750,Q6NUM9,RETST_HUMAN,,,,TRUE
RFT1,NM_052859,Q96AA3,RFT1_HUMAN,,,,TRUE
RFXANK,NM_003721,O14593,RFXK_HUMAN,,,TRUE,
RFXAP,NM_000538,O00287,RFXAP_HUMAN,,,TRUE,
RG9MTD2,NM_152292,Q8TBZ6,TM10A_HUMAN,,,TRUE,
RGPD5,NM_005054,Q99666,RGPD5_HUMAN,,,,TRUE
RHBDD2,NM_020685,Q6NTF9,RHBD2_HUMAN,,,,TRUE
RHEB,NM_005614,Q15382,RHEB_HUMAN,,,TRUE,
RHOB,NM_004040,P62745,RHOB_HUMAN,TRUE,,,
RHOU,NM_021205,Q7L0Q8,RHOU_HUMAN,TRUE,,TRUE,
RIF1,NM_018151,Q5UIP0,RIF1_HUMAN,,,,TRUE
RIMKLA,NM_173642,Q8IXN7,RIMKA_HUMAN,,TRUE,,
RIMS3,NM_014747,Q9UJD0,RIMS3_HUMAN,TRUE,,,
RIOK3,NM_003831,O14730,RIOK3_HUMAN,,TRUE,,
RLF,NM_012421,Q13129,RLF_HUMAN,,,,TRUE
RLIM,NM_016120,Q9NVW2,RNF12_HUMAN,,TRUE,,TRUE
RMND5B,NM_022762,Q96G75,RMD5B_HUMAN,,,TRUE,
RNASE4,NM_002937,P34096,RNAS4_HUMAN,,TRUE,,TRUE
RNASEH2C,NM_032193,Q8TDP1,RNH2C_HUMAN,,,TRUE,
RNASET2,NM_003730,O00584,RNT2_HUMAN,,,,TRUE
RNF128,NM_024540,Q8TEB7,RN128_HUMAN,,,,TRUE
RNF13,NM_007282,O43567,RNF13_HUMAN,,,,TRUE
RNF130,NM_018434,Q86XS8,GOLI_HUMAN,,,,TRUE
RNF135,NM_197939,Q8IUD6-2,RN135_HUMAN,,,TRUE,
RNF139,NM_007218,Q8WU17,RN139_HUMAN,,,,TRUE
RNF145,NM_144726,Q96MT1-2,RN145_HUMAN,TRUE,,,
RNF149,NM_173647,Q8NC42,RN149_HUMAN,,,,TRUE
RNF166,NM_178841,Q96A37,RN166_HUMAN,,,TRUE,
RNF20,NM_019592,Q5VTR2,BRE1A_HUMAN,,,,TRUE
RNGTT,NM_003800,O60942,MCE1_HUMAN,,,,TRUE
RNMT,NM_003799,O43148,MCES_HUMAN,,TRUE,,TRUE
ROBLD3,NM_014018,Q9Y2Q5,LTOR2_HUMAN,,,TRUE,
ROGDI,NM_024590,Q9GZN7,ROGDI_HUMAN,,,TRUE,
RPA3,NM_002947,P35244,RFA3_HUMAN,,,TRUE,
RPGRIP1L,NM_015274,Q68CZ1,FTM_HUMAN,,,,TRUE
RPN1,NM_002950,P04843,RPN1_HUMAN,,,,TRUE
RPN2,NM_002952,P04844,RPN2_HUMAN,,,,TRUE
RPP25,NM_017793,Q9BUL9,RPP25_HUMAN,,,TRUE,
RPS6KA4,NM_033127,O75676,KS6A4_HUMAN,,,TRUE,
RPS6KC1,NM_001136138,Q96S38-2,KS6C1_HUMAN,,,TRUE,
RPUSD3,NM_207351,Q6P087,RUSD3_HUMAN,,,TRUE,
RQCD1,NM_001128225,Q92600,RCD1_HUMAN,,,TRUE,
RRAS2,NM_012250,P62070,RRAS2_HUMAN,,,TRUE,
RRM1,NM_001033,P23921,RIR1_HUMAN,,,,TRUE
RSAD1,NM_018346,Q9HA92,RSAD1_HUMAN,,,TRUE,
RSC1A1,NM_006511,Q92681,RSCA1_HUMAN,TRUE,,,
RSF1,NM_016578,Q96T23,RSF1_HUMAN,,,,TRUE
RTN3,NM_201428,O95197-2,RTN3_HUMAN,,,,TRUE
RTN4,NM_007008,Q9NQC3-3,RTN4_HUMAN,,,,TRUE
RTTN,NM_173630,Q86VV8,RTTN_HUMAN,,,,TRUE
RUNDC3B,NM_152701,Q96NL0,RUN3B_HUMAN,,TRUE,,
RWDD2B,NM_016940,P57060,RWD2B_HUMAN,,,TRUE,
RWDD4A,NM_152682,Q6NW29,RWDD4_HUMAN,,,TRUE,
S100A13,NM_005979,Q99584,S10AD_HUMAN,,,TRUE,
SAC3D1,NM_013299,A6NKF1,SAC31_HUMAN,,,TRUE,
SAP18,NM_005870,O00422,SAP18_HUMAN,,,TRUE,
SAP30,NM_003864,O75446,SAP30_HUMAN,,TRUE,,
SAP30L,NM_024632,Q9HAJ7,SP30L_HUMAN,,,TRUE,
SC5DL,NM_001024956,O75845,SC5D_HUMAN,,,,TRUE
SCAMP1,NM_004866,O15126,SCAM1_HUMAN,,,,TRUE
SCARB1,NM_006814,Q8WTV0,SCRB1_HUMAN,,,,TRUE
SCARB2,NM_001204255,Q14108-2,SCRB2_HUMAN,,,,TRUE
SCD,NM_005063,O00767,ACOD_HUMAN,,,,TRUE
SCD5,NM_001037582,Q86SK9,SCD5_HUMAN,,,,TRUE
SCG2,NM_003469,P13521,SCG2_HUMAN,,,,TRUE
SCNN1A,NM_001038,P37088,SCNNA_HUMAN,,,,TRUE
SCO2,NM_005138,O43819,SCO2_HUMAN,,,TRUE,
SCPEP1,NM_021626,Q9HB40,RISC_HUMAN,,,,TRUE
SDC4,NM_002999,P31431,SDC4_HUMAN,,,,TRUE
SDCCAG1,NM_004713,O60524,NEMF_HUMAN,,,,TRUE
SDF4,NM_016176,Q9BRK5,CAB45_HUMAN,,,,TRUE
SDSL,NM_138432,Q96GA7,SDSL_HUMAN,,,TRUE,
SEC11A,NM_014301,P67812,SC11A_HUMAN,,,,TRUE
SEC31A,NM_014933,O94979,SC31A_HUMAN,,,,TRUE
SEC61A1,NM_013336,P61619,S61A1_HUMAN,,,,TRUE
SEC62,NM_003262,Q99442,SEC62_HUMAN,,,,TRUE
SEC63,NM_007214,Q9UGP8,SEC63_HUMAN,,,,TRUE
SEL1L,NM_001244984,Q9UBV2-2,SE1L1_HUMAN,,,,TRUE
SELI,NM_033505,Q9C0D9,EPT1_HUMAN,,,,TRUE
SELS,NM_018445,Q9BQE4,SELS_HUMAN,,,,TRUE
SENP3,NM_015670,Q9H4L4,SENP3_HUMAN,,,TRUE,
SEPHS1,NM_012247,P49903,SPS1_HUMAN,,,TRUE,
SEPN1,NM_020451,Q9NZV5,SELN_HUMAN,,,,TRUE
SEPX1,NM_016332,Q9NZV6,MSRB1_HUMAN,,,TRUE,
SERINC1,NM_020755,Q9NRX5,SERC1_HUMAN,,,,TRUE
SERINC3,NM_006811,Q13530,SERC3_HUMAN,,,,TRUE
SERPINE1,NM_000602,P05121,PAI1_HUMAN,,,,TRUE
SERPINE2,NM_006216,P07093,GDN_HUMAN,,,,TRUE
SERPINH1,NM_001207014,P50454,SERPH_HUMAN,,,,TRUE
SETX,NM_015046,Q7Z333,SETX_HUMAN,,,,TRUE
SF3B1,NM_012098,O75533,SF3B1_HUMAN,,,,TRUE
SF3B3,NM_012426,Q15393,SF3B3_HUMAN,,,,TRUE
SFPQ,NM_005066,P23246,SFPQ_HUMAN,,,,TRUE
SFRS18,NM_015491,Q8TF01,PNISR_HUMAN,,TRUE,,
SFRS2B,NM_032102,Q9BRL6,SRSF8_HUMAN,,,TRUE,
SFRS2IP,NM_004719,Q99590,SCAFB_HUMAN,,,,TRUE
SFXN1,NM_022754,Q9H9B4,SFXN1_HUMAN,,,TRUE,
SGCE,NM_003919,O43556,SGCE_HUMAN,,,,TRUE
SGMS2,NM_152621,Q8NHU3,SMS2_HUMAN,,TRUE,,
SGMS2,NM_152622,Q8NHU3,SMS2_HUMAN,,,,TRUE
SGOL2,NM_152524,Q562F6,SGO2_HUMAN,,,,TRUE
SHARPIN,NM_001099282,Q9H0F6,SHRPN_HUMAN,,,TRUE,
SHOX2,NM_006884,O60902,SHOX2_HUMAN,,,TRUE,
SIAE,NM_005035,Q9HAT2,SIAE_HUMAN,,,,TRUE
SIDT2,NM_001040455,Q8NBJ9,SIDT2_HUMAN,,,,TRUE
SIGMAR1,NM_005866,Q99720,SGMR1_HUMAN,,,,TRUE
SIPA1,NM_006747,Q96FS4,SIPA1_HUMAN,,,TRUE,
SIX4,NM_017420,Q9UIU6,SIX4_HUMAN,TRUE,,,
SKIV2L2,NM_015360,P42285,SK2L2_HUMAN,,,,TRUE
SKP1,NM_006930,P63208-2,SKP1_HUMAN,,,TRUE,
SKP2,NM_032637,Q13309-2,SKP2_HUMAN,TRUE,,TRUE,
SLC10A4,NM_152679,Q96EP9,NTCP4_HUMAN,,,,TRUE
SLC12A2,NM_000339,P55011,S12A2_HUMAN,,,,TRUE
SLC15A4,NM_145648,Q8N697,S15A4_HUMAN,,,,TRUE
SLC16A1,NM_006517,P53985,MOT1_HUMAN,,,,TRUE
SLC16A3,NM_020992,O15427,MOT4_HUMAN,,,,TRUE
SLC19A1,NM_005415,P41440,S19A1_HUMAN,,,,TRUE
SLC1A1,NM_004170,P43005,EAA3_HUMAN,,,,TRUE
SLC1A3,NM_004172,P43003,EAA1_HUMAN,,,,TRUE
SLC20A1,NM_005415,Q8WUM9,S20A1_HUMAN,,,,TRUE
SLC22A18,NM_002555,Q96BI1,S22AI_HUMAN,,,,TRUE
SLC25A1,NM_005630,P53007,TXTP_HUMAN,,,TRUE,
SLC25A13,NM_014251,Q9UJS0,CMC2_HUMAN,,,TRUE,
SLC25A19,NM_021734,Q9HC21,TPC_HUMAN,,,TRUE,
SLC25A28,NM_031212,Q96A46,MFRN2_HUMAN,,,TRUE,
SLC25A33,NM_032315,Q9BSK2,S2533_HUMAN,,,TRUE,
SLC25A46,NM_138773,Q96AG3,S2546_HUMAN,,,TRUE,
SLC27A2,NM_006845,O14975,S27A2_HUMAN,,,,TRUE
SLC29A1,NM_174922,Q99808,S29A1_HUMAN,,,,TRUE
SLC2A1,NM_006516,P11166,GTR1_HUMAN,,TRUE,,TRUE
SLC2A14,NM_153449,Q8TDB8,GTR14_HUMAN,,TRUE,,
SLC2A3,NM_006931,P11169,GTR3_HUMAN,,TRUE,,TRUE
SLC2A3P1,NG_008263,,,TRUE,,,
SLC30A1,NM_021194,Q9Y6M5,ZNT1_HUMAN,,,,TRUE
SLC30A5,NM_022903,Q8TAD4,ZNT5_HUMAN,,,,TRUE
SLC31A1,NM_001859,O15431,COPT1_HUMAN,,,,TRUE
SLC35A2,NM_005660,P78381,S35A2_HUMAN,,,,TRUE
SLC35A3,NM_080546,Q9Y2D2,S35A3_HUMAN,,,,TRUE
SLC35B2,NM_178148,Q8TB61,S35B2_HUMAN,,,,TRUE
SLC35D1,NM_015139,Q9NTN3,S35D1_HUMAN,TRUE,,,
SLC35D2,NM_007001,Q76EJ3,S35D2_HUMAN,,,,TRUE
SLC35E1,NM_024881,Q96K37,S35E1_HUMAN,,,,TRUE
SLC35F2,NM_017515,Q8IXU6,S35F2_HUMAN,,,,TRUE
SLC37A3,NM_032295,Q8NCC5-3,SPX3_HUMAN,,,,TRUE
SLC38A1,NM_030674,Q9H2H9,S38A1_HUMAN,,,,TRUE
SLC38A2,NM_018976,Q96QD8,S38A2_HUMAN,,,,TRUE
SLC38A5,NM_033518,Q8WUX1,S38A5_HUMAN,,,,TRUE
SLC39A10,NM_001167882,Q9ULF5,S39AA_HUMAN,,,,TRUE
SLC39A14,NM_001128431,Q15043,S39AE_HUMAN,,,,TRUE
SLC39A6,NM_012198,Q13433,S39A6_HUMAN,,,,TRUE
SLC39A8,NM_022154,Q9C0K1,S39A8_HUMAN,,,,TRUE
SLC39A9,NM_018375,Q9NUM3,S39A9_HUMAN,,,,TRUE
SLC3A2,NM_002394,P08195,4F2_HUMAN,,,,TRUE
SLC41A3,NM_017836,Q96GZ6,S41A3_HUMAN,,,,TRUE
SLC43A3,NM_017611,Q8NBI5,S43A3_HUMAN,,,,TRUE
SLC44A1,NM_080546,Q8WWI5,CTL1_HUMAN,,,,TRUE
SLC44A2,NM_001145056,Q8IWA5-3,CTL2_HUMAN,,,,TRUE
SLC44A3,NM_152369,Q8N4M1-2,CTL3_HUMAN,,,,TRUE
SLC4A7,NM_003615,Q9Y6M7,S4A7_HUMAN,,,,TRUE
SLC6A6,NM_003043,P31641,SC6A6_HUMAN,,TRUE,,TRUE
SLC7A11,NM_014331,Q9UPY5,XCT_HUMAN,,,,TRUE
SLC7A5,NM_003486,Q01650,LAT1_HUMAN,,,,TRUE
SLC9A6,NM_004363,Q92581,SL9A6_HUMAN,,,,TRUE
SLCO4A1,NM_016354,Q96BD0,SO4A1_HUMAN,,,,TRUE
SMAP1,NM_021942,Q8IYB5,SMAP1_HUMAN,,TRUE,,
SMARCA1,NM_003069,P28370,SMCA1_HUMAN,,,,TRUE
SMARCC1,NM_003074,Q92922,SMRC1_HUMAN,,,,TRUE
SMC2,NM_006445,O95347,SMC2_HUMAN,,,,TRUE
SMC3,NM_005445,Q9UQE7,SMC3_HUMAN,,,,TRUE
SMC4,NM_001002800,Q9NTJ3,SMC4_HUMAN,,,,TRUE
SMC5,NM_015110,Q8IY18,SMC5_HUMAN,,,,TRUE
SMU1,NM_018225,Q2TAY7,SMU1_HUMAN,,,,TRUE
SMUG1,NM_014311,Q53HV7,SMUG1_HUMAN,,,TRUE,
SMURF2,NM_022739,Q9HAU4,SMUF2_HUMAN,TRUE,,,
SNAP23,NM_003825,O00161,SNP23_HUMAN,,,TRUE,
SNAP29,NM_004782,O95721,SNP29_HUMAN,TRUE,,,
SNAPC1,NM_003082,Q16533,SNPC1_HUMAN,,TRUE,,
SND1,NM_014390,Q7KZF4,SND1_HUMAN,,,,TRUE
SNF8,NM_007241,Q96H20,SNF8_HUMAN,,,TRUE,
SNHG12,NR_024127,Q9BXW3,SNH12_HUMAN,,,,TRUE
SNHG5,NR_003038,,,,,,TRUE
SNHG6,NR_002599,,,,,,TRUE
SNN,NM_003498,O75324,SNN_HUMAN,TRUE,,,
SNORA28,AJ609462,,,,TRUE,,
SNRNP200,NM_014014,O75643,U520_HUMAN,,,,TRUE
SNRPA1,NM_003090,P09661,RU2A_HUMAN,,,TRUE,
SNW1,NM_012245,Q13573,SNW1_HUMAN,,,,TRUE
SNX14,NM_020468,Q9Y5W7-2,SNX14_HUMAN,,,,TRUE
SNX4,NM_003795,O95219,SNX4_HUMAN,,,TRUE,
SNX7,NM_152238,Q9UNH6,SNX7_HUMAN,,,TRUE,
SNX8,NM_013321,Q9Y5X2,SNX8_HUMAN,,,TRUE,
SOAT1,NM_003101,P35610,SOAT1_HUMAN,,,,TRUE
SON,NM_032195,P18583,SON_HUMAN,,,,TRUE
SORL1,NM_003105,Q92673,SORL_HUMAN,,,,TRUE
SORT1,NM_005978,Q99523,SORT_HUMAN,,,,TRUE
SPATA2,NM_014784,Q9UM82,SPAT2_HUMAN,TRUE,,,
SPC24,NM_182513,Q8NBT2,SPC24_HUMAN,,,TRUE,
SPCS2,NM_014752,Q15005,SPCS2_HUMAN,,,,TRUE
SPCS3,NM_021928,P61009,SPCS3_HUMAN,,,,TRUE
SPG11,NM_025138,Q96JI7,SPTCS_HUMAN,,,,TRUE
SPINT1,NM_181642,O43278,SPIT1_HUMAN,,,,TRUE
SPINT2,NM_006556,O43291,SPIT2_HUMAN,,,,TRUE
SPPL2A,NM_032802,Q8TCT8,SPP2A_HUMAN,,,,TRUE
SPSB2,NM_181672,Q99619,SPSB2_HUMAN,,,TRUE,
SPTAN1,NM_001725,Q13813,SPTN1_HUMAN,,,,TRUE
SPTBN1,NM_003128,Q01082,SPTB2_HUMAN,,,,TRUE
SPTLC1,NM_006415,O15269,SPTC1_HUMAN,,,,TRUE
SPTLC2,NM_004863,O15270,SPTC2_HUMAN,,,,TRUE
SR140,NM_001080415,O15042,SR140_HUMAN,,TRUE,,
SRD5A3,NM_024592,Q9H8P0,PORED_HUMAN,,,,TRUE
SRF,NM_003131,P11831,SRF_HUMAN,,TRUE,,
SRM,NM_003132,P19623,SPEE_HUMAN,,,TRUE,
SRPR,NM_003140,P08240,SRPRA_HUMAN,,,,TRUE
SRPRB,NM_021203,Q9Y5M8,SRPRB_HUMAN,,,,TRUE
SRPX,NM_032120,P78539,SRPX_HUMAN,,,,TRUE
SRRM2,NM_016333,Q9UQ35,SRRM2_HUMAN,,,,TRUE
SSR1,NM_003144,P43307,SSRA_HUMAN,,,,TRUE
SSR2,NM_003145,P43308,SSRB_HUMAN,,,,TRUE
SSR3,NM_007107,Q9UNL2,SSRG_HUMAN,,,,TRUE
SSR4,NM_006280,P51571,SSRD_HUMAN,,,,TRUE
ST7,NM_018412,Q9NRC1-2,ST7_HUMAN,,,,TRUE
STBD1,NM_003943,O95210,STBD1_HUMAN,,,,TRUE
STC2,NM_003714,O76061,STC2_HUMAN,,TRUE,,TRUE
STEAP1,NM_012449,Q9UHE8,STEA1_HUMAN,,,,TRUE
STEAP3,NM_182915,Q658P3-2,STEA3_HUMAN,,,,TRUE
STIM2,NM_020861,Q9P246,STIM2_HUMAN,,,,TRUE
STK11,NM_000455,Q15831,STK11_HUMAN,,,TRUE,
STOM,NM_198194,P27105-2,STOM_HUMAN,,,,TRUE
STRBP,NM_018387,Q96SI9,STRBP_HUMAN,TRUE,,,
STT3A,NM_152713,P46977,STT3A_HUMAN,,,,TRUE
STT3B,NM_178862,Q8TCJ2,STT3B_HUMAN,,,,TRUE
STUB1,NM_005861,Q9UNE7,CHIP_HUMAN,,,TRUE,
SUB1,NM_006713,P53999,TCP4_HUMAN,,,TRUE,
SULT1A1,NM_001055,P50225,ST1A1_HUMAN,,,TRUE,
SULT1A3,NM_177552,P0DMM9,ST1A3_HUMAN,,,TRUE,
SUMF2,NM_015411,Q8NBJ7,SUMF2_HUMAN,,,,TRUE
SUPT16H,NM_007192,Q9Y5B9,SP16H_HUMAN,,,,TRUE
SURF4,NM_033161,O15260,SURF4_HUMAN,,,,TRUE
SUSD2,NM_019601,Q9UGT4,SUSD2_HUMAN,,,,TRUE
SUV39H2,NM_024670,Q9H5I1-2,SUV92_HUMAN,TRUE,,,
SYK,NM_003177,P43405,KSYK_HUMAN,,,TRUE,
SYNE2,NM_015180,Q8WXH0,SYNE2_HUMAN,,,,TRUE
SYNGAP1,NM_152735,Q96PV0,SYGP1_HUMAN,TRUE,,,
SYNGR2,NM_004710,O43760,SNG2_HUMAN,,,,TRUE
SYNJ2,NM_006023,O15056,SYNJ2_HUMAN,,,,TRUE
SYPL1,NM_006754,Q16563,SYPL1_HUMAN,,,,TRUE
SYS1,NM_130896,Q8N2H4,SYS1_HUMAN,,,,TRUE
SYT1,NM_000060,P21579,SYT1_HUMAN,,,,TRUE
SYTL1,NM_032873,Q8IYJ3,SYTL1_HUMAN,,,TRUE,
TAF11,NM_001135218,Q15544,TAF11_HUMAN,,,TRUE,
TAF6,NM_005641,P49848,TAF6_HUMAN,,,TRUE,
TAP1,NM_000593,Q03518,TAP1_HUMAN,,,,TRUE
TAPBP,NM_003190,O15533,TPSN_HUMAN,,,,TRUE
TATDN3,NM_001846,Q17R31,TATD3_HUMAN,,,TRUE,
TBC1D15,NM_022771,Q8TC07,TBC15_HUMAN,,,,TRUE
TBC1D8B,NM_017752,Q0IIM8,TBC8B_HUMAN,,,,TRUE
TBCCD1,NM_001134415,Q9NVR7,TBCC1_HUMAN,,,TRUE,
TBL2,NM_012453,Q9Y4P3,TBL2_HUMAN,,,,TRUE
TCEA2,NM_003195,Q15560,TCEA2_HUMAN,,,TRUE,
TCERG1,NM_014599,O14776,TCRG1_HUMAN,,TRUE,,TRUE
TCF19,NM_005650,Q9Y242,TCF19_HUMAN,,,TRUE,
TCTEX1D2,NM_152773,Q8WW35,TC1D2_HUMAN,,,TRUE,
TESC,NM_017899,Q96BS2,CHP3_HUMAN,,,TRUE,
TFPI,NM_001032281,P10646-2,TFPI1_HUMAN,,,,TRUE
TFRC,NM_003235,P02786,TFR1_HUMAN,TRUE,,,
TGFA,NM_000660,P01135,TGFA_HUMAN,,,,TRUE
TGFB1,NM_000660,P01137,TGFB1_HUMAN,,,,TRUE
TGFBR1,NM_003241,P36897,TGFR1_HUMAN,,,,TRUE
TGOLN2,NM_006464,O43493-2,TGON2_HUMAN,,,,TRUE
THADA,NM_022065,Q6YHU6,THADA_HUMAN,,,,TRUE
THAP10,NM_020147,Q9P2Z0,THA10_HUMAN,,,TRUE,
THAP11,NM_020457,Q96EK4,THA11_HUMAN,,,TRUE,
THAP4,NM_015965,Q8WY91,THAP4_HUMAN,,,TRUE,
THEM4,NM_053055,Q5T1C6,THEM4_HUMAN,,,TRUE,
THOC2,NM_001081550,Q8NI27,THOC2_HUMAN,,,,TRUE
THRAP3,NM_005119,Q9Y2W1,TR150_HUMAN,,,,TRUE
THYN1,NM_014174,Q9P016,THYN1_HUMAN,,,TRUE,
TIA1,NM_022037,P31483-2,TIA1_HUMAN,TRUE,,,
TICAM2,NM_021649,Q86XR7,TCAM2_HUMAN,,,,TRUE
TIGD2,NM_145715,Q4W5G0,TIGD2_HUMAN,,,TRUE,
TIGD5,NM_032862,Q53EQ6,TIGD5_HUMAN,,,TRUE,
TIMM10,NM_012456,P62072,TIM10_HUMAN,,,TRUE,
TIMM8B,NM_012199,Q9Y5J9,TIM8B_HUMAN,,,,TRUE
TIMP1,NM_003254,P01033,TIMP1_HUMAN,,,,TRUE
TIMP2,NM_003255,P16035,TIMP2_HUMAN,,,,TRUE
TLE3,NM_020908,Q04726-2,TLE3_HUMAN,,,,TRUE
TM7SF3,NM_016551,Q9NS93,TM7S3_HUMAN,,,,TRUE
TM9SF1,NM_006406,O15321,TM9S1_HUMAN,,,,TRUE
TM9SF2,NM_004800,Q99805,TM9S2_HUMAN,,,,TRUE
TM9SF3,NM_020123,Q9HD45,TM9S3_HUMAN,,,,TRUE
TM9SF4,NM_014742,Q92544,TM9S4_HUMAN,,,,TRUE
TMBIM4,NM_016056,Q9HC24,LFG4_HUMAN,,,,TRUE
TMBIM6,NM_001211,P55061,BI1_HUMAN,,,,TRUE
TMCC1,NM_015009,O94876,TMCC1_HUMAN,,TRUE,,
TMCO1,NM_001184,Q9UM00,TMCO1_HUMAN,,,,TRUE
TMED10,NM_006827,P49755,TMEDA_HUMAN,,,,TRUE
TMED2,NM_006815,Q15363,TMED2_HUMAN,,,,TRUE
TMED3,NM_007364,Q9Y3Q3,TMED3_HUMAN,,,,TRUE
TMED4,NM_182547,Q7Z7H5,TMED4_HUMAN,,,,TRUE
TMED5,NM_016040,Q9Y3A6,TMED5_HUMAN,,,,TRUE
TMED7,NM_181836,Q9Y3B3,TMED7_HUMAN,,,,TRUE
TMED9,NM_017510,Q9BVK6,TMED9_HUMAN,,,,TRUE
TMEM101,NM_032376,Q96IK0,TM101_HUMAN,,,,TRUE
TMEM106B,NM_018364,Q9NUM4,T106B_HUMAN,,,,TRUE
TMEM109,NM_024092,Q9BVC6,TM109_HUMAN,,,,TRUE
TMEM111,NM_018447,Q9P0I2,EMC3_HUMAN,,,,TRUE
TMEM123,NM_052932,Q8N131,PORIM_HUMAN,,,,TRUE
TMEM131,NM_015348,Q92545,TM131_HUMAN,,,,TRUE
TMEM144,NM_018342,Q7Z5S9,TM144_HUMAN,,,,TRUE
TMEM147,NM_032635,Q9BVK8,TM147_HUMAN,,,,TRUE
TMEM158,NM_015444,Q8WZ71,TM158_HUMAN,,,,TRUE
TMEM160,NM_017854,Q9NX00,TM160_HUMAN,,,TRUE,
TMEM161A,NM_002705,Q9NX61,T161A_HUMAN,,,,TRUE
TMEM161B,NM_153354,Q8NDZ6,T161B_HUMAN,,,,TRUE
TMEM167A,NM_174909,Q8TBQ9,KISHA_HUMAN,TRUE,,,
TMEM18,NM_152834,Q96B42,TMM18_HUMAN,,,,TRUE
TMEM184B,NM_012264,Q9Y519,T184B_HUMAN,,,,TRUE
TMEM194A,NM_015258,O14524,NEMP1_HUMAN,,,,TRUE
TMEM209,NM_032842,Q96SK2,TM209_HUMAN,,,,TRUE
TMEM214,NM_017728,Q6NUQ4,TM214_HUMAN,,,,TRUE
TMEM30A,NM_001143958,Q9NV96-2,CC50A_HUMAN,,,,TRUE
TMEM33,NM_018126,P57088,TMM33_HUMAN,,,,TRUE
TMEM38B,NM_018112,Q9NVV0,TM38B_HUMAN,,,,TRUE
TMEM39A,NM_018268,Q9NV64,TM39A_HUMAN,,,,TRUE
TMEM41A,NM_080652,Q96HV5,TM41A_HUMAN,,,,TRUE
TMEM43,NM_024334,Q9BTV4,TMM43_HUMAN,,,,TRUE
TMEM45A,NM_018004,Q9NWC5,TM45A_HUMAN,,TRUE,,TRUE
TMEM48,NM_018087,Q9BTX1,NDC1_HUMAN,,,,TRUE
TMEM49,NM_030938,Q96GC9,VMP1_HUMAN,,,,TRUE
TMEM50A,NM_014313,O95807,TM50A_HUMAN,,,,TRUE
TMEM50B,NM_006963,P56557,TM50B_HUMAN,TRUE,,,
TMEM51,NM_018022,Q9NW97,TMM51_HUMAN,,,,TRUE
TMEM56,NM_001199679,Q96MV1,TMM56_HUMAN,,,,TRUE
TMEM57,NM_018202,Q8N5G2,MACOI_HUMAN,,,,TRUE
TMEM59,NM_004872,Q9BXS4,TMM59_HUMAN,,,,TRUE
TMEM68,NM_152417,Q96MH6-2,TMM68_HUMAN,,,,TRUE
TMEM87A,NM_015500,Q8NBN3,TM87A_HUMAN,,,,TRUE
TMEM9,NM_016456,Q9P0T7,TMEM9_HUMAN,,,,TRUE
TMEM97,NM_014573,Q5BJF2,TMM97_HUMAN,,,,TRUE
TMTC3,NM_181783,Q6ZXV5-2,TMTC3_HUMAN,TRUE,,,TRUE
TMX1,NM_030755,Q9H3N1,TMX1_HUMAN,,,,TRUE
TMX2,NM_015959,Q9Y320,TMX2_HUMAN,,,,TRUE
TMX3,NM_019022,Q96JJ7,TMX3_HUMAN,,,,TRUE
TMX4,NM_021156,Q9H1E5,TMX4_HUMAN,,,,TRUE
TNFRSF10A,NM_003844,O00220,TR10A_HUMAN,,,,TRUE
TNFRSF10B,NM_147187,O14763-2,TR10B_HUMAN,,,,TRUE
TNFRSF10D,NM_003840,Q9UBN6,TR10D_HUMAN,,,,TRUE
TNFRSF12A,NM_016639,Q9NP84,TNR12_HUMAN,,,,TRUE
TNFRSF1A,NM_001065,P19438,TNR1A_HUMAN,,,,TRUE
TNFRSF21,NM_014452,O75509,TNR21_HUMAN,,,,TRUE
TNIP1,NM_006058,Q15025,TNIP1_HUMAN,,TRUE,,
TNKS,NM_003747,O95271,TNKS1_HUMAN,,,,TRUE
TNRC6A,NM_014494,Q8NDV7,TNR6A_HUMAN,TRUE,,,
TOMM40L,NM_032174,Q969M1,TM40L_HUMAN,,,TRUE,
TOP1,NM_003286,P11387,TOP1_HUMAN,,,,TRUE
TOP2A,NM_001067,P11388,TOP2A_HUMAN,,,,TRUE
TOR1AIP1,NM_015603,Q5JTV8,TOIP1_HUMAN,,,,TRUE
TP53I3,NM_147184,Q53FA7,QORX_HUMAN,,,TRUE,
TP53INP1,NM_001135733,Q96A56-2,T53I1_HUMAN,TRUE,,TRUE,
TP53RK,NM_033550,Q96S44,PRPK_HUMAN,,,TRUE,
TPM1,NM_000366,P09493,TPM1_HUMAN,,,TRUE,
TPM3,NM_152263,P06753,TPM3_HUMAN,,,TRUE,
TPM4,NM_000367,P67936,TPM4_HUMAN,,TRUE,,
TPP1,NM_000391,O14773,TPP1_HUMAN,,,,TRUE
TPR,NM_003292,P12270,TPR_HUMAN,,,,TRUE
TPRG1L,NM_182752,Q5T0D9,TPRGL_HUMAN,TRUE,,,
TPX2,NM_012112,Q9ULW0,TPX2_HUMAN,,,,TRUE
TRA2A,NM_013293,Q13595,TRA2A_HUMAN,,TRUE,,
TRADD,NM_003789,Q15628,TRADD_HUMAN,,,TRUE,
TRAF4,NM_004295,Q9BUZ4,TRAF4_HUMAN,,,TRUE,
TRAM1,NM_014294,Q15629,TRAM1_HUMAN,,,,TRUE
TRAPPC1,NM_021210,Q9Y5R8,TPPC1_HUMAN,,,TRUE,
TRIB1,NM_025195,Q96RU8,TRIB1_HUMAN,,,,TRUE
TRIM25,NM_005082,Q14258,TRI25_HUMAN,TRUE,,,
TRIM7,NM_033342,Q9C029,TRIM7_HUMAN,,,TRUE,
TRIOBP,NM_138632,Q9H2D6-6,TARA_HUMAN,,,TRUE,
TRIP11,NM_004239,Q15643,TRIPB_HUMAN,,,,TRUE
TRRAP,NM_006136,Q9Y4A5,TRRAP_HUMAN,,,,TRUE
TSGA14,NM_001199207,Q9BYV8,CEP41_HUMAN,TRUE,,,
TSPAN13,NM_014399,O95857,TSN13_HUMAN,,,,TRUE
TSPAN3,NM_001109,O60637,TSN3_HUMAN,,,,TRUE
TSPAN5,NM_005723,P62079,TSN5_HUMAN,,,,TRUE
TSPAN6,NM_003270,O43657,TSN6_HUMAN,,,,TRUE
TST,NM_003313,Q16762,THTR_HUMAN,,,TRUE,
TSTA3,NM_003313,Q13630,FCL_HUMAN,,,TRUE,
TTC17,NM_018259,Q96AE7,TTC17_HUMAN,,,,TRUE
TTC32,NM_001008237,Q5I0X7,TTC32_HUMAN,,,TRUE,
TTLL1,NM_000153,O95922,TTLL1_HUMAN,,,TRUE,
TUBD1,NM_016261,Q9UJT1,TBD_HUMAN,TRUE,,,
TUSC2,NM_007275,O75896,TUSC2_HUMAN,,,TRUE,
TWSG1,NM_020648,Q9GZX9,TWSG1_HUMAN,,,,TRUE
TXNDC12,NM_015914,O95881,TXD12_HUMAN,,,,TRUE
TXNDC5,NM_030812,Q8NBS9,TXND5_HUMAN,,,,TRUE
TXNL1,NM_004787,O43396,TXNL1_HUMAN,,TRUE,,
TXNRD3,NM_052883,Q86VQ6,TRXR3_HUMAN,,,TRUE,
TYRO3,NM_006293,Q06418,TYRO3_HUMAN,,,,TRUE
TYW1,NM_018264,Q9NV66,TYW1_HUMAN,,,,TRUE
UBA6,NM_018227,A0AVT1,UBA6_HUMAN,,,,TRUE
UBAC1,NM_016172,Q9BSL1,UBAC1_HUMAN,,,TRUE,
UBAC2,NM_177967,Q8NBM4-2,UBAC2_HUMAN,,,,TRUE
UBASH3B,NM_032873,Q8TF42,UBS3B_HUMAN,TRUE,,,
UBE2B,NM_003337,P63146,UBE2B_HUMAN,,,TRUE,
UBE2D2,NM_003339,P62837,UB2D2_HUMAN,,,TRUE,
UBE2D3,NM_181887,P61077,UB2D3_HUMAN,,TRUE,,
UBE2I,NM_003345,P63279,UBC9_HUMAN,TRUE,,,
UBE2L6,NM_004223,O14933,UB2L6_HUMAN,,,TRUE,
UBE2N,NM_003348,P61088,UBE2N_HUMAN,,,TRUE,
UBE3C,NM_014671,Q15386,UBE3C_HUMAN,,,TRUE,
UBE4A,NM_004789,Q14139,UBE4A_HUMAN,,,,TRUE
UBL4A,NM_014235,P11441,UBL4A_HUMAN,,,TRUE,
UBR1,NM_174916,Q8IWV7,UBR1_HUMAN,,,,TRUE
UBR2,NM_001009185,Q8IWV8,UBR2_HUMAN,,,,TRUE
UBR3,NM_172070,Q6ZT12,UBR3_HUMAN,,,,TRUE
UBR4,NM_020765,Q5T4S7,UBR4_HUMAN,,,,TRUE
UBXN4,NM_014607,Q92575,UBXN4_HUMAN,,,,TRUE
UCRC,NM_001003684,Q9UDW1-2,QCR9_HUMAN,,,TRUE,
UGCG,NM_003358,Q16739,CEGT_HUMAN,,,,TRUE
UGCGL1,NM_020122,Q9NYU2,UGGG1_HUMAN,,,,TRUE
UGCGL2,NM_020121,Q9NYU1,UGGG2_HUMAN,,,,TRUE
UGT8,NM_001128174,Q16880,CGT_HUMAN,TRUE,,,
ULBP2,NM_025217,Q9BZM5,N2DL2_HUMAN,,,,TRUE
UNC5B,NM_018445,Q8IZJ1,UNC5B_HUMAN,,,,TRUE
UNC84A,NM_015302,O94901,SUN1_HUMAN,,,,TRUE
UNC84A,NM_025154,O94901-5,SUN1_HUMAN,,TRUE,,
UNC93B1,NM_030930,Q9H1C4,UN93B_HUMAN,,,,TRUE
UPRT,NM_138703,Q96BW1,UPP_HUMAN,,TRUE,,
UROS,NM_000375,P10746,HEM4_HUMAN,,,TRUE,
USO1,NM_003715,O60763,USO1_HUMAN,,,,TRUE
USP18,NM_017414,Q9UMW8,UBP18_HUMAN,,,TRUE,
USP9X,NM_001039590,Q93008,USP9X_HUMAN,,,,TRUE
UTP14A,NM_021645,Q9BVJ6,UT14A_HUMAN,,,,TRUE
UTP14C,NM_021645,Q5TAP6,UT14C_HUMAN,,,,TRUE
UTRN,NM_007124,P46939,UTRO_HUMAN,,,,TRUE
VANGL1,NM_138959,Q8TAA9,VANG1_HUMAN,TRUE,,,
VASH2,NM_024749,Q86V25-5,VASH2_HUMAN,,,TRUE,
VCAN,NM_001126336,P13611-4,CSPG2_HUMAN,,,,TRUE
VCL,NM_007126,P18206,VINC_HUMAN,,,,TRUE
VEGFA,NM_001025370,P15692,VEGFA_HUMAN,,TRUE,,TRUE
VPRBP,NM_014704,Q9Y4B6,VPRBP_HUMAN,,,,TRUE
VPS13B,NM_181661,Q7Z7G8-5,VP13B_HUMAN,,,,TRUE
VPS13C,NM_018080,Q709C8-4,VP13C_HUMAN,,,,TRUE
VPS36,NM_016075,Q86VN1,VPS36_HUMAN,,,TRUE,
VRK3,NM_016441,Q8IV63,VRK3_HUMAN,,,TRUE,
WDR1,NM_005112,O75083-3,WDR1_HUMAN,,TRUE,,
WDR19,NM_025132,Q8NEZ3,WDR19_HUMAN,,,,TRUE
WDR36,NM_139281,Q8NI36,WDR36_HUMAN,,,,TRUE
WDR5B,NM_019069,Q86VZ2,WDR5B_HUMAN,,TRUE,,
WFS1,NM_001145853,O76024,WFS1_HUMAN,,,,TRUE
WIPI1,NM_017983,Q5MNZ9,WIPI1_HUMAN,,,TRUE,
WRN,NM_000553,Q14191,WRN_HUMAN,,,,TRUE
WWC3,NM_015691,Q9ULE0,WWC3_HUMAN,,,TRUE,
XPA,NM_000380,P23025,XPA_HUMAN,,,TRUE,
XPO1,NM_003400,O14980,XPO1_HUMAN,,TRUE,,
XPR1,NM_001135669,Q9UBH6-2,XPR1_HUMAN,,,,TRUE
XRCC5,NM_021141,P13010,XRCC5_HUMAN,,,,TRUE
XRCC6BP1,NM_033276,Q9Y6H3,ATP23_HUMAN,,,TRUE,
XRN1,NM_019002,Q8IZH2,XRN1_HUMAN,,,,TRUE
YEATS2,NM_018023,Q9ULM3,YETS2_HUMAN,,,,TRUE
YIPF3,NM_015388,Q9GZM5,YIPF3_HUMAN,,,,TRUE
YIPF5,NM_030799,Q969M3,YIPF5_HUMAN,,,,TRUE
YIPF6,NM_173695,Q96EC8,YIPF6_HUMAN,,,,TRUE
YLPM1,NM_019589,P49750-4,YLPM1_HUMAN,,,,TRUE
YTHDC2,NM_022828,Q9H6S0,YTDC2_HUMAN,,,,TRUE
ZADH2,NM_175907,Q8N4Q0,ZADH2_HUMAN,,,TRUE,
ZBED2,NM_024508,Q9BTP6,ZBED2_HUMAN,TRUE,,,
ZBTB1,NM_014951,Q9Y2K1,ZBTB1_HUMAN,,,,TRUE
ZBTB11,NM_014415,O95625,ZBT11_HUMAN,,,,TRUE
ZC3H13,NM_015070,Q5T200-2,ZC3HD_HUMAN,,,,TRUE
ZC3HAV1,NM_020119,Q7Z2W4,ZCCHV_HUMAN,TRUE,,,
ZCCHC10,NM_017665,Q8TBK6-2,ZCH10_HUMAN,,,TRUE,
ZDHHC13,NM_019029,Q8IUH4,ZDH13_HUMAN,,,,TRUE
ZDHHC17,NM_015336,Q8IUH5,ZDH17_HUMAN,,,,TRUE
ZDHHC20,NM_153251,Q5W0Z9-3,ZDH20_HUMAN,,,,TRUE
ZDHHC4,NM_018106,Q9NPG8,ZDHC4_HUMAN,,,,TRUE
ZDHHC5,NM_015457,Q9C0B5,ZDHC5_HUMAN,,,,TRUE
ZDHHC9,NM_016033,Q9Y397,ZDHC9_HUMAN,,,,TRUE
ZFAND2A,NM_182491,Q8N6M9,ZFN2A_HUMAN,,TRUE,,
ZFX,NM_003410,P17010,ZFX_HUMAN,,,,TRUE
ZFY,NM_003410,P08048,ZFY_HUMAN,,,,TRUE
ZFYVE20,NM_022340,Q9H1K0,RBNS5_HUMAN,,,,TRUE
ZFYVE21,NM_001198953,Q9BQ24-2,ZFY21_HUMAN,,,TRUE,
ZKSCAN1,NM_003439,P17029,ZKSC1_HUMAN,TRUE,,,
ZMPSTE24,NM_005857,O75844,FACE1_HUMAN,,,,TRUE
ZMYM6,NM_007167,O95789,ZMYM6_HUMAN,,,,TRUE
ZMYND19,NM_138462,Q96E35,ZMY19_HUMAN,,,TRUE,
ZNF107,NM_016222,Q9UII5,ZN107_HUMAN,TRUE,,,
ZNF12,NM_006956,P17014-5,ZNF12_HUMAN,,,TRUE,
ZNF143,NM_003442,P52747,ZN143_HUMAN,,,,TRUE
ZNF281,NM_012482,Q9Y2X9,ZN281_HUMAN,TRUE,,,
ZNF292,NM_015021,O60281,ZN292_HUMAN,,TRUE,,
ZNF295,NM_020727,Q9ULJ3,ZBT21_HUMAN,,,,TRUE
ZNF302,NM_018676,Q9NR11,ZN302_HUMAN,TRUE,,TRUE,
ZNF451,NM_015555,Q9Y4E5-2,ZN451_HUMAN,,,TRUE,
ZNF507,NM_014911,Q8TCN5,ZN507_HUMAN,,,,TRUE
ZNF580,NM_207115,Q9UK33,ZN580_HUMAN,,,TRUE,
ZNF638,NM_014497,Q14966,ZN638_HUMAN,,,,TRUE
ZNF652,NM_014898,Q9Y2D9,ZN652_HUMAN,TRUE,,TRUE,
ZNF654,NM_018293,Q8IZM8,ZN654_HUMAN,,TRUE,,
ZNF680,NM_001130022,Q8NEM1-2,ZN680_HUMAN,TRUE,,,
ZNF706,NM_016096,Q9Y5V0,ZN706_HUMAN,,,TRUE,
ZNF780A,NM_198476,O75290,Z780A_HUMAN,TRUE,,,
ZNF791,NM_153358,Q3KP31,ZN791_HUMAN,TRUE,,,
ZNF828,NM_032436,Q96JM3,CHAP1_HUMAN,TRUE,,,
ZNFX1,NM_021035,Q9P2E3,ZNFX1_HUMAN,TRUE,,,
ZP3,NM_012230,P21754,ZP3_HUMAN,,,TRUE,
ZSCAN29,NM_152455,Q8IWY8,ZSC29_HUMAN,,,TRUE,
ZSCAN5A,NM_024303,Q9BUG6,ZSA5A_HUMAN,,,TRUE,
ZW10,NM_004724,O43264,ZW10_HUMAN,,,,TRUE
